INSERT INTO public.accounts_tipodocumento (id, descripcion_tipo_documento) VALUES (1, 'CI');
INSERT INTO public.accounts_persona (id, nombre, apellido, documento, correo, telefono, celular, id_tipo_documento_id) VALUES (1, 'Hugo', 'Correa', '4978990', '', '', '', 1);
INSERT INTO public.accounts_persona (id, nombre, apellido, documento, correo, telefono, celular, id_tipo_documento_id) VALUES (2, 'Maria', 'Aguero', '147258', '', '', '', 1);
INSERT INTO public.accounts_persona (id, nombre, apellido, documento, correo, telefono, celular, id_tipo_documento_id) VALUES (3, 'Karen', 'Liuzzi', '6109876', '', '', '', 1);
INSERT INTO public.accounts_persona (id, nombre, apellido, documento, correo, telefono, celular, id_tipo_documento_id) VALUES (4, 'Blanca', 'Baez', '789654', '', '', '', 1);
INSERT INTO public.accounts_persona (id, nombre, apellido, documento, correo, telefono, celular, id_tipo_documento_id) VALUES (5, 'Ricardo', 'De Castro', '3040653', '', '', '', 1);
INSERT INTO public.accounts_persona (id, nombre, apellido, documento, correo, telefono, celular, id_tipo_documento_id) VALUES (6, 'Sebastian', 'Grillo', '6040302', '', '', '', 1);
INSERT INTO public.calendarapp_dia (id_dia, descripcion_dia) VALUES (1, 'Lunes');
INSERT INTO public.calendarapp_dia (id_dia, descripcion_dia) VALUES (2, 'Martes');
INSERT INTO public.calendarapp_dia (id_dia, descripcion_dia) VALUES (3, 'Miércoles');
INSERT INTO public.calendarapp_dia (id_dia, descripcion_dia) VALUES (4, 'Jueves');
INSERT INTO public.calendarapp_dia (id_dia, descripcion_dia) VALUES (5, 'Viernes');
INSERT INTO public.calendarapp_dia (id_dia, descripcion_dia) VALUES (6, 'Sábado');
INSERT INTO public.calendarapp_tipotarea (id_tipo_tarea, descripcion_tipo_tarea) VALUES (1, 'Seguimiento');
INSERT INTO public.calendarapp_tipotarea (id_tipo_tarea, descripcion_tipo_tarea) VALUES (2, 'Llamada');
INSERT INTO public.calendarapp_tipotarea (id_tipo_tarea, descripcion_tipo_tarea) VALUES (3, 'Gestión');
INSERT INTO public.calendarapp_tipotarea (id_tipo_tarea, descripcion_tipo_tarea) VALUES (4, 'Reunión');
INSERT INTO public.calendarapp_unidadmedida (id_unidad_medida, descripcion_unidad_medida) VALUES (1, 'Minutos');
INSERT INTO public.calendarapp_parametro (id_parametro, descripcion_parametro, valor, es_orientacion_academica, es_tutoria, id_unidad_medida_id) VALUES (1, 'Rango de minutos para orientación académica', 15, true, false, 1);
INSERT INTO public.calendarapp_parametro (id_parametro, descripcion_parametro, valor, es_orientacion_academica, es_tutoria, id_unidad_medida_id) VALUES (2, 'Rango de minutos para tutoria', 30, false, true, 1);
INSERT INTO public.calendarapp_tipoorientacionacademica (id_tipo_orientacion_academica, descripcion_tipo_orientacion_academica) VALUES (1, 'Solicitud');
INSERT INTO public.calendarapp_tipoorientacionacademica (id_tipo_orientacion_academica, descripcion_tipo_orientacion_academica) VALUES (2, 'Consulta');
INSERT INTO public.calendarapp_tipoorientacionacademica (id_tipo_orientacion_academica, descripcion_tipo_orientacion_academica) VALUES (3, 'Orientación');
INSERT INTO public.calendarapp_motivo (id_motivo, descripcion_motivo, id_tipo_orientacion_academica_id) VALUES (1, 'Malla curricular', 1);
INSERT INTO public.calendarapp_motivo (id_motivo, descripcion_motivo, id_tipo_orientacion_academica_id) VALUES (4, 'Procedimiento Trabajo de Grado Licenciatura', 3);
INSERT INTO public.calendarapp_motivo (id_motivo, descripcion_motivo, id_tipo_orientacion_academica_id) VALUES (3, 'Procedimiento Trabajo de Grado Ingeniería', 3);
INSERT INTO public.calendarapp_motivo (id_motivo, descripcion_motivo, id_tipo_orientacion_academica_id) VALUES (2, 'Aprobación de cambio de Curso', 1);
INSERT INTO public.calendarapp_motivo (id_motivo, descripcion_motivo, id_tipo_orientacion_academica_id) VALUES (5, 'Estado académico', 2);
INSERT INTO public.calendarapp_motivo (id_motivo, descripcion_motivo, id_tipo_orientacion_academica_id) VALUES (6, 'Horario de Profesor', 2);
INSERT INTO public.calendarapp_estadotarea (id_estado_tarea, descripcion_estado_tarea) VALUES (1, 'Iniciada');
INSERT INTO public.calendarapp_estadotarea (id_estado_tarea, descripcion_estado_tarea) VALUES (2, 'Cancelada');
INSERT INTO public.calendarapp_estadotarea (id_estado_tarea, descripcion_estado_tarea) VALUES (3, 'Finalizada');
INSERT INTO public.calendarapp_estadotarea (id_estado_tarea, descripcion_estado_tarea) VALUES (4, 'Pendiente');
INSERT INTO public.calendarapp_estadoactividadacademica (id_estado_actividad_academica, descripcion_estado_actividad_academica) VALUES (1, 'Iniciada');
INSERT INTO public.calendarapp_estadoactividadacademica (id_estado_actividad_academica, descripcion_estado_actividad_academica) VALUES (2, 'Confirmada');
INSERT INTO public.calendarapp_estadoactividadacademica (id_estado_actividad_academica, descripcion_estado_actividad_academica) VALUES (3, 'Finalizada');
INSERT INTO public.calendarapp_estadoactividadacademica (id_estado_actividad_academica, descripcion_estado_actividad_academica) VALUES (4, 'Cancelada');
INSERT INTO public.calendarapp_estadoactividadacademica (id_estado_actividad_academica, descripcion_estado_actividad_academica) VALUES (5, 'Rechazada');
INSERT INTO public.calendarapp_estadoactividadacademica (id_estado_actividad_academica, descripcion_estado_actividad_academica) VALUES (6, 'Pendiente');
INSERT INTO public.calendarapp_semestre (id_semestre, descripcion_semestre) VALUES (1, 'Verano');
INSERT INTO public.calendarapp_semestre (id_semestre, descripcion_semestre) VALUES (2, 'Otoño');
INSERT INTO public.calendarapp_semestre (id_semestre, descripcion_semestre) VALUES (3, 'Primavera');
INSERT INTO public.calendarapp_convocatoria (id_convocatoria, anho, fecha_inicio, fecha_fin, id_semestre_id) VALUES (1, 2023, '2023-12-28', '2024-01-31', 1);
INSERT INTO public.calendarapp_tipotutoria (id_tipo_tutoria, descripcion_tipo_tutoria) VALUES (1, 'Trabajo de Grado');
INSERT INTO public.calendarapp_tipotutoria (id_tipo_tutoria, descripcion_tipo_tutoria) VALUES (2, 'Académica');
INSERT INTO public.accounts_user (id, password, last_login, is_superuser, documento, lector, email, is_staff, is_active, date_joined, last_updated, id_persona_id) VALUES (1, 'pbkdf2_sha256$260000$GB8o1UBcjAW58DXdeJCdkj$pQkYb/zy0yg1EJunVyKUqx+4HdvMdp+8GKppaOu/yEI=', '2024-01-29 18:51:21.277463-03', true, '4978990', true, 'prueba@test.com', true, true, '2023-12-28 07:17:50.385747-03', '2024-01-24 11:45:19.70612-03', 1);
INSERT INTO public.accounts_user (id, password, last_login, is_superuser, documento, lector, email, is_staff, is_active, date_joined, last_updated, id_persona_id) VALUES (2, 'pbkdf2_sha256$260000$jY5w8viuxNTDNXohgYaatD$yNEKXoUsznOgj9l5yV25VjlVnBT4MmiHgV5yAeacRLo=', '2024-01-30 11:08:13.535584-03', false, '147258', true, 'karendreammoon@gmail.com', false, true, '2023-12-28 10:25:36.105251-03', '2023-12-28 10:25:36.105251-03', 2);
INSERT INTO public.accounts_user (id, password, last_login, is_superuser, documento, lector, email, is_staff, is_active, date_joined, last_updated, id_persona_id) VALUES (4, 'pbkdf2_sha256$260000$wKNjZFm8qUPz5TgeQ3azwp$eryXF4yWaubHD2ql9bCfs0mL7EX6Itu97sUENip685M=', '2024-01-30 13:09:20.436121-03', false, '789654', true, 'blanca.baez@test.com', true, true, '2023-12-28 10:26:39.32369-03', '2024-01-24 11:44:31.706973-03', 4);
INSERT INTO public.accounts_user (id, password, last_login, is_superuser, documento, lector, email, is_staff, is_active, date_joined, last_updated, id_persona_id) VALUES (3, 'pbkdf2_sha256$260000$rOVPBt7QUEVSYVsoJkQOCM$ziU656iuT4VzdglVcKCBrnP/YGeoAaWPLWpKr0veXmA=', '2024-01-30 17:45:23.270654-03', false, '6109876', true, 'karen.liuzzi@test.com', false, true, '2023-12-28 10:25:59.80392-03', '2023-12-28 10:25:59.80392-03', 3);
INSERT INTO public.accounts_user (id, password, last_login, is_superuser, documento, lector, email, is_staff, is_active, date_joined, last_updated, id_persona_id) VALUES (5, 'pbkdf2_sha256$260000$HZo0mNhD4VKJeWBLp2ZFEP$kQhINNb85o15INMhJjIKnffbA/JCd22veUk+VZaXvQg=', '2024-01-25 11:01:22.62687-03', false, '3040653', true, 'ricardocastro@test.com', true, true, '2023-12-28 10:26:59.045553-03', '2024-01-24 11:44:58.544741-03', 5);
INSERT INTO public.accounts_facultad (id_facultad, descripcion_facultad) VALUES (1, 'Facultad de Ciencias y Tecnología');
INSERT INTO public.accounts_departamento (id_departamento, descripcion_departamento, telefono, id_facultad_id) VALUES (1, 'Departamento de E-learning', '123456', 1);
INSERT INTO public.accounts_departamento (id_departamento, descripcion_departamento, telefono, id_facultad_id) VALUES (2, 'Informática', '78946', 1);
INSERT INTO public.accounts_departamento (id_departamento, descripcion_departamento, telefono, id_facultad_id) VALUES (3, 'Ciencias Exactas', '654987', 1);
INSERT INTO public.accounts_funcionariodocente (id_funcionario_docente_id, id_departamento_id, id_facultad_id) VALUES (1, NULL, 1);
INSERT INTO public.accounts_funcionariodocente (id_funcionario_docente_id, id_departamento_id, id_facultad_id) VALUES (5, 2, NULL);
INSERT INTO public.accounts_funcionariodocente (id_funcionario_docente_id, id_departamento_id, id_facultad_id) VALUES (4, 1, NULL);
INSERT INTO public.accounts_alumno (id_alumno_id) VALUES (3);
INSERT INTO public.accounts_alumno (id_alumno_id) VALUES (2);
INSERT INTO public.calendarapp_horariosemestral (id_horario_semestral, hora_inicio, hora_fin, id_convocatoria_id, id_dia_id, id_funcionario_docente_id) VALUES (1, '19:00:00', '21:00:00', 1, 1, 1);
INSERT INTO public.calendarapp_horariosemestral (id_horario_semestral, hora_inicio, hora_fin, id_convocatoria_id, id_dia_id, id_funcionario_docente_id) VALUES (2, '18:00:00', '20:00:00', 1, 2, 1);
INSERT INTO public.calendarapp_horariosemestral (id_horario_semestral, hora_inicio, hora_fin, id_convocatoria_id, id_dia_id, id_funcionario_docente_id) VALUES (3, '18:30:00', '20:30:00', 1, 4, 1);
INSERT INTO public.calendarapp_horariosemestral (id_horario_semestral, hora_inicio, hora_fin, id_convocatoria_id, id_dia_id, id_funcionario_docente_id) VALUES (4, '19:00:00', '21:00:00', 1, 1, 5);
INSERT INTO public.calendarapp_horariosemestral (id_horario_semestral, hora_inicio, hora_fin, id_convocatoria_id, id_dia_id, id_funcionario_docente_id) VALUES (5, '18:00:00', '21:00:00', 1, 3, 5);
INSERT INTO public.calendarapp_horariosemestral (id_horario_semestral, hora_inicio, hora_fin, id_convocatoria_id, id_dia_id, id_funcionario_docente_id) VALUES (6, '18:30:00', '20:30:00', 1, 5, 5);
INSERT INTO public.calendarapp_horariosemestral (id_horario_semestral, hora_inicio, hora_fin, id_convocatoria_id, id_dia_id, id_funcionario_docente_id) VALUES (7, '15:00:00', '18:00:00', 1, 1, 4);
INSERT INTO public.calendarapp_horariosemestral (id_horario_semestral, hora_inicio, hora_fin, id_convocatoria_id, id_dia_id, id_funcionario_docente_id) VALUES (8, '09:00:00', '12:00:00', 1, 6, 4);
INSERT INTO public.calendarapp_horariosemestral (id_horario_semestral, hora_inicio, hora_fin, id_convocatoria_id, id_dia_id, id_funcionario_docente_id) VALUES (9, '19:00:00', '21:00:00', 1, 4, 4);
INSERT INTO public.accounts_materia (id_materia, descripcion_materia, id_departamento_id) VALUES (1, 'INTRODUCCIÓN A LAS TECNOLOGÍAS DE INFORMACIÓN Y LA COMUNICACIÓN', 1);
INSERT INTO public.accounts_materia (id_materia, descripcion_materia, id_departamento_id) VALUES (2, 'INTRODUCCIÓN A LA INFORMÁTICA', 2);
INSERT INTO public.accounts_materia (id_materia, descripcion_materia, id_departamento_id) VALUES (3, 'ÁLGEBRA', 3);
INSERT INTO public.accounts_materia (id_materia, descripcion_materia, id_departamento_id) VALUES (4, 'INTRODUCCIÓN AL DISEÑO Y CONSTRUCCIÓN DE PÁGINAS WEB', 2);
INSERT INTO public.accounts_materia (id_materia, descripcion_materia, id_departamento_id) VALUES (5, 'LÓGICA DE PROGRAMACIÓN DE COMPUTADORAS I', 2);
INSERT INTO public.accounts_materia (id_materia, descripcion_materia, id_departamento_id) VALUES (6, 'TRABAJO DE GRADO PARA INGENIERÍA EN INFORMÁTICA ÉNFASIS CIENCIAS DE LA COMPUTACIÓN', 2);
INSERT INTO public.accounts_carrera (id_carrera, descripcion_carrera, id_facultad_id) VALUES (1, 'Ingeniería en Informática Énfasis en: Ciencias de la Computación', 1);
INSERT INTO public.accounts_carrera (id_carrera, descripcion_carrera, id_facultad_id) VALUES (2, 'Licenciatura en Ciencias Informáticas Énfasis en: Bases de Datos', 1);
INSERT INTO public.accounts_carreraalumno (id_carrera_alumno, id_alumno_id, id_carrera_id) VALUES (1, 2, 1);
INSERT INTO public.accounts_carreraalumno (id_carrera_alumno, id_alumno_id, id_carrera_id) VALUES (2, 3, 2);
INSERT INTO public.accounts_materiacarrera (id_materia_carrera, id_carrera_id, id_materia_id) VALUES (1, 1, 1);
INSERT INTO public.accounts_materiacarrera (id_materia_carrera, id_carrera_id, id_materia_id) VALUES (2, 2, 1);
INSERT INTO public.accounts_materiacarrera (id_materia_carrera, id_carrera_id, id_materia_id) VALUES (3, 1, 2);
INSERT INTO public.accounts_materiacarrera (id_materia_carrera, id_carrera_id, id_materia_id) VALUES (4, 2, 2);
INSERT INTO public.accounts_materiacarrera (id_materia_carrera, id_carrera_id, id_materia_id) VALUES (5, 1, 3);
INSERT INTO public.accounts_materiacarrera (id_materia_carrera, id_carrera_id, id_materia_id) VALUES (6, 2, 4);
INSERT INTO public.accounts_materiacarrera (id_materia_carrera, id_carrera_id, id_materia_id) VALUES (7, 2, 3);
INSERT INTO public.accounts_materiacarrera (id_materia_carrera, id_carrera_id, id_materia_id) VALUES (8, 1, 4);
INSERT INTO public.accounts_materiacarrera (id_materia_carrera, id_carrera_id, id_materia_id) VALUES (9, 1, 5);
INSERT INTO public.accounts_materiacarrera (id_materia_carrera, id_carrera_id, id_materia_id) VALUES (10, 2, 5);
INSERT INTO public.accounts_materiacarrera (id_materia_carrera, id_carrera_id, id_materia_id) VALUES (11, 1, 6);
INSERT INTO public.calendarapp_event (id_actividad_academica, datetime_inicio_estimado, datetime_fin_estimado, datetime_inicio_real, datetime_fin_real, datetime_registro, observacion, nro_curso, id_convocatoria_id, id_departamento_id, id_estado_actividad_academica_id, id_facultad_id, id_funcionario_docente_encargado_id, id_materia_id, id_persona_alta_id, id_persona_solicitante_id, id_persona_ultima_modificacion_id) VALUES (5, '2024-01-25 16:00:00-03', '2024-01-25 16:30:00-03', '2024-01-24 16:00:00-03', '2024-01-24 16:30:00-03', '2024-01-24 12:13:24.404223-03', 'se realizo el refuerzo con los alumnos', '123', 1, 1, 3, 1, 4, 1, 2, 2, 4);
INSERT INTO public.calendarapp_event (id_actividad_academica, datetime_inicio_estimado, datetime_fin_estimado, datetime_inicio_real, datetime_fin_real, datetime_registro, observacion, nro_curso, id_convocatoria_id, id_departamento_id, id_estado_actividad_academica_id, id_facultad_id, id_funcionario_docente_encargado_id, id_materia_id, id_persona_alta_id, id_persona_solicitante_id, id_persona_ultima_modificacion_id) VALUES (7, '2024-01-27 06:30:00-03', '2024-01-27 07:00:00-03', NULL, NULL, '2024-01-24 12:20:44.487057-03', NULL, '', 1, 2, 5, 1, 4, 5, 2, 2, 4);
INSERT INTO public.calendarapp_event (id_actividad_academica, datetime_inicio_estimado, datetime_fin_estimado, datetime_inicio_real, datetime_fin_real, datetime_registro, observacion, nro_curso, id_convocatoria_id, id_departamento_id, id_estado_actividad_academica_id, id_facultad_id, id_funcionario_docente_encargado_id, id_materia_id, id_persona_alta_id, id_persona_solicitante_id, id_persona_ultima_modificacion_id) VALUES (9, '2024-01-27 07:30:00-03', '2024-01-27 08:00:00-03', NULL, NULL, '2024-01-24 12:43:26.737725-03', NULL, '', 1, 1, 6, 1, 4, 1, 2, 2, 2);
INSERT INTO public.calendarapp_event (id_actividad_academica, datetime_inicio_estimado, datetime_fin_estimado, datetime_inicio_real, datetime_fin_real, datetime_registro, observacion, nro_curso, id_convocatoria_id, id_departamento_id, id_estado_actividad_academica_id, id_facultad_id, id_funcionario_docente_encargado_id, id_materia_id, id_persona_alta_id, id_persona_solicitante_id, id_persona_ultima_modificacion_id) VALUES (12, '2024-01-29 16:30:00-03', '2024-01-29 17:00:00-03', NULL, NULL, '2024-01-25 13:25:00.033154-03', NULL, '123', 1, 2, 6, 1, 5, 4, 2, 2, 2);
INSERT INTO public.calendarapp_event (id_actividad_academica, datetime_inicio_estimado, datetime_fin_estimado, datetime_inicio_real, datetime_fin_real, datetime_registro, observacion, nro_curso, id_convocatoria_id, id_departamento_id, id_estado_actividad_academica_id, id_facultad_id, id_funcionario_docente_encargado_id, id_materia_id, id_persona_alta_id, id_persona_solicitante_id, id_persona_ultima_modificacion_id) VALUES (14, '2024-01-29 16:15:00-03', '2024-01-29 16:30:00-03', NULL, NULL, '2024-01-25 13:50:04.761622-03', NULL, '', 1, 1, 4, 1, 5, NULL, 3, 3, 3);
INSERT INTO public.calendarapp_event (id_actividad_academica, datetime_inicio_estimado, datetime_fin_estimado, datetime_inicio_real, datetime_fin_real, datetime_registro, observacion, nro_curso, id_convocatoria_id, id_departamento_id, id_estado_actividad_academica_id, id_facultad_id, id_funcionario_docente_encargado_id, id_materia_id, id_persona_alta_id, id_persona_solicitante_id, id_persona_ultima_modificacion_id) VALUES (10, '2024-01-25 17:00:00-03', '2024-01-25 17:30:00-03', '2024-01-25 10:57:00-03', '2024-01-25 11:57:00-03', '2024-01-24 15:52:10.26578-03', '', '', 1, 1, 3, 1, 4, 1, 2, 2, 4);
INSERT INTO public.calendarapp_event (id_actividad_academica, datetime_inicio_estimado, datetime_fin_estimado, datetime_inicio_real, datetime_fin_real, datetime_registro, observacion, nro_curso, id_convocatoria_id, id_departamento_id, id_estado_actividad_academica_id, id_facultad_id, id_funcionario_docente_encargado_id, id_materia_id, id_persona_alta_id, id_persona_solicitante_id, id_persona_ultima_modificacion_id) VALUES (13, '2024-01-29 14:00:00-03', '2024-01-29 14:30:00-03', NULL, NULL, '2024-01-25 13:49:35.306808-03', NULL, '987', 1, 1, 5, 1, 4, 1, 3, 3, 4);
INSERT INTO public.calendarapp_event (id_actividad_academica, datetime_inicio_estimado, datetime_fin_estimado, datetime_inicio_real, datetime_fin_real, datetime_registro, observacion, nro_curso, id_convocatoria_id, id_departamento_id, id_estado_actividad_academica_id, id_facultad_id, id_funcionario_docente_encargado_id, id_materia_id, id_persona_alta_id, id_persona_solicitante_id, id_persona_ultima_modificacion_id) VALUES (15, '2024-01-31 15:30:00-03', '2024-01-31 16:00:00-03', NULL, NULL, '2024-01-25 13:52:53.617201-03', NULL, '', 1, 2, 2, 1, 5, 4, 3, 3, 5);
INSERT INTO public.calendarapp_event (id_actividad_academica, datetime_inicio_estimado, datetime_fin_estimado, datetime_inicio_real, datetime_fin_real, datetime_registro, observacion, nro_curso, id_convocatoria_id, id_departamento_id, id_estado_actividad_academica_id, id_facultad_id, id_funcionario_docente_encargado_id, id_materia_id, id_persona_alta_id, id_persona_solicitante_id, id_persona_ultima_modificacion_id) VALUES (11, '2024-01-26 16:15:00-03', '2024-01-26 16:30:00-03', NULL, NULL, '2024-01-24 16:11:11.028712-03', NULL, '', 1, 1, 5, 1, 5, NULL, 2, 2, 5);
INSERT INTO public.calendarapp_event (id_actividad_academica, datetime_inicio_estimado, datetime_fin_estimado, datetime_inicio_real, datetime_fin_real, datetime_registro, observacion, nro_curso, id_convocatoria_id, id_departamento_id, id_estado_actividad_academica_id, id_facultad_id, id_funcionario_docente_encargado_id, id_materia_id, id_persona_alta_id, id_persona_solicitante_id, id_persona_ultima_modificacion_id) VALUES (19, '2024-01-25 11:03:00-03', '2024-01-25 11:30:00-03', '2024-01-25 11:03:00-03', '2024-01-25 14:07:54.011831-03', '2024-01-25 14:07:54.011831-03', 'se brindo indicaciones para realizar la tarea solicitada en la ultima clase', '', 1, 2, 3, 1, 5, 4, 5, 3, 5);
INSERT INTO public.calendarapp_event (id_actividad_academica, datetime_inicio_estimado, datetime_fin_estimado, datetime_inicio_real, datetime_fin_real, datetime_registro, observacion, nro_curso, id_convocatoria_id, id_departamento_id, id_estado_actividad_academica_id, id_facultad_id, id_funcionario_docente_encargado_id, id_materia_id, id_persona_alta_id, id_persona_solicitante_id, id_persona_ultima_modificacion_id) VALUES (20, '2024-01-25 11:09:00-03', '2024-01-25 11:50:00-03', '2024-01-25 11:09:00-03', '2024-01-25 14:28:45.292762-03', '2024-01-25 14:28:45.292762-03', 'se brindo malla curricular', '', 1, 2, 3, 1, 5, NULL, 5, 2, 5);
INSERT INTO public.calendarapp_event (id_actividad_academica, datetime_inicio_estimado, datetime_fin_estimado, datetime_inicio_real, datetime_fin_real, datetime_registro, observacion, nro_curso, id_convocatoria_id, id_departamento_id, id_estado_actividad_academica_id, id_facultad_id, id_funcionario_docente_encargado_id, id_materia_id, id_persona_alta_id, id_persona_solicitante_id, id_persona_ultima_modificacion_id) VALUES (22, '2024-01-25 11:32:00-03', '2024-01-25 11:40:00-03', '2024-01-25 11:32:00-03', '2024-01-25 14:34:18.754327-03', '2024-01-25 14:34:18.754327-03', 'aprobacion para dar de baja una materia', '3216', 1, 2, 3, 1, 5, 1, 5, 2, 5);
INSERT INTO public.calendarapp_event (id_actividad_academica, datetime_inicio_estimado, datetime_fin_estimado, datetime_inicio_real, datetime_fin_real, datetime_registro, observacion, nro_curso, id_convocatoria_id, id_departamento_id, id_estado_actividad_academica_id, id_facultad_id, id_funcionario_docente_encargado_id, id_materia_id, id_persona_alta_id, id_persona_solicitante_id, id_persona_ultima_modificacion_id) VALUES (23, '2024-01-25 11:35:00-03', '2024-01-29 11:35:00-03', '2024-01-25 14:36:31.971776-03', '2024-01-25 14:37:12.084283-03', '2024-01-25 14:36:31.971776-03', '', '123', 1, 2, 3, 1, 5, 6, 5, 3, 5);
INSERT INTO public.calendarapp_event (id_actividad_academica, datetime_inicio_estimado, datetime_fin_estimado, datetime_inicio_real, datetime_fin_real, datetime_registro, observacion, nro_curso, id_convocatoria_id, id_departamento_id, id_estado_actividad_academica_id, id_facultad_id, id_funcionario_docente_encargado_id, id_materia_id, id_persona_alta_id, id_persona_solicitante_id, id_persona_ultima_modificacion_id) VALUES (21, '2024-01-25 11:30:00-03', '2024-01-29 11:30:00-03', '2024-01-25 14:31:31.28475-03', NULL, '2024-01-25 14:31:31.28475-03', 'seguimiento de trabajo final de grado y tutoria', '', 1, 2, 4, 1, 5, 4, 5, 3, 5);
INSERT INTO public.calendarapp_event (id_actividad_academica, datetime_inicio_estimado, datetime_fin_estimado, datetime_inicio_real, datetime_fin_real, datetime_registro, observacion, nro_curso, id_convocatoria_id, id_departamento_id, id_estado_actividad_academica_id, id_facultad_id, id_funcionario_docente_encargado_id, id_materia_id, id_persona_alta_id, id_persona_solicitante_id, id_persona_ultima_modificacion_id) VALUES (24, '2024-01-25 11:58:00-03', '2024-01-25 12:58:00-03', '2024-01-25 11:58:00-03', '2024-01-25 14:59:38.211701-03', '2024-01-25 14:59:38.211701-03', '', '', 1, 2, 3, 1, 4, 5, 4, 2, 4);
INSERT INTO public.calendarapp_event (id_actividad_academica, datetime_inicio_estimado, datetime_fin_estimado, datetime_inicio_real, datetime_fin_real, datetime_registro, observacion, nro_curso, id_convocatoria_id, id_departamento_id, id_estado_actividad_academica_id, id_facultad_id, id_funcionario_docente_encargado_id, id_materia_id, id_persona_alta_id, id_persona_solicitante_id, id_persona_ultima_modificacion_id) VALUES (25, '2024-01-25 11:59:00-03', '2024-01-31 11:59:00-03', '2024-01-25 11:59:00-03', '2024-01-25 15:01:44.134062-03', '2024-01-25 15:01:44.134062-03', 'es necesario corregir la gramatica de la documentacion', '', 1, 1, 3, 1, 4, 6, 4, 3, 4);
INSERT INTO public.calendarapp_event (id_actividad_academica, datetime_inicio_estimado, datetime_fin_estimado, datetime_inicio_real, datetime_fin_real, datetime_registro, observacion, nro_curso, id_convocatoria_id, id_departamento_id, id_estado_actividad_academica_id, id_facultad_id, id_funcionario_docente_encargado_id, id_materia_id, id_persona_alta_id, id_persona_solicitante_id, id_persona_ultima_modificacion_id) VALUES (26, '2024-01-25 12:02:00-03', '2024-01-31 12:02:00-03', '2024-01-25 15:03:30.413393-03', NULL, '2024-01-25 15:03:30.413393-03', 'compresion de problematica del proyecto ', '', 1, 1, 1, 1, 4, 6, 4, 2, 4);
INSERT INTO public.calendarapp_event (id_actividad_academica, datetime_inicio_estimado, datetime_fin_estimado, datetime_inicio_real, datetime_fin_real, datetime_registro, observacion, nro_curso, id_convocatoria_id, id_departamento_id, id_estado_actividad_academica_id, id_facultad_id, id_funcionario_docente_encargado_id, id_materia_id, id_persona_alta_id, id_persona_solicitante_id, id_persona_ultima_modificacion_id) VALUES (27, '2024-01-25 12:04:00-03', '2024-01-31 12:04:00-03', '2024-01-25 15:05:38.518527-03', NULL, '2024-01-25 15:05:38.518527-03', 'seguimiento al proyecto solicitado', '', 1, 1, 1, 1, 4, 1, 4, 3, 4);
INSERT INTO public.calendarapp_event (id_actividad_academica, datetime_inicio_estimado, datetime_fin_estimado, datetime_inicio_real, datetime_fin_real, datetime_registro, observacion, nro_curso, id_convocatoria_id, id_departamento_id, id_estado_actividad_academica_id, id_facultad_id, id_funcionario_docente_encargado_id, id_materia_id, id_persona_alta_id, id_persona_solicitante_id, id_persona_ultima_modificacion_id) VALUES (8, '2024-01-25 15:45:00-03', '2024-01-25 16:00:00-03', NULL, NULL, '2024-01-24 12:21:04.015185-03', NULL, '', 1, 1, 2, 1, 1, NULL, 2, 2, 1);
INSERT INTO public.calendarapp_event (id_actividad_academica, datetime_inicio_estimado, datetime_fin_estimado, datetime_inicio_real, datetime_fin_real, datetime_registro, observacion, nro_curso, id_convocatoria_id, id_departamento_id, id_estado_actividad_academica_id, id_facultad_id, id_funcionario_docente_encargado_id, id_materia_id, id_persona_alta_id, id_persona_solicitante_id, id_persona_ultima_modificacion_id) VALUES (6, '2024-01-25 16:45:00-03', '2024-01-25 17:00:00-03', NULL, NULL, '2024-01-24 12:15:55.638155-03', NULL, '', 1, 1, 5, 1, 1, NULL, 2, 2, 1);
INSERT INTO public.calendarapp_event (id_actividad_academica, datetime_inicio_estimado, datetime_fin_estimado, datetime_inicio_real, datetime_fin_real, datetime_registro, observacion, nro_curso, id_convocatoria_id, id_departamento_id, id_estado_actividad_academica_id, id_facultad_id, id_funcionario_docente_encargado_id, id_materia_id, id_persona_alta_id, id_persona_solicitante_id, id_persona_ultima_modificacion_id) VALUES (29, '2024-01-25 12:30:00-03', '2024-01-31 12:45:00-03', '2024-01-25 15:30:33.013505-03', NULL, '2024-01-25 15:30:33.013505-03', '', '', 1, NULL, 1, 1, 1, 6, 1, 2, 1);
INSERT INTO public.calendarapp_event (id_actividad_academica, datetime_inicio_estimado, datetime_fin_estimado, datetime_inicio_real, datetime_fin_real, datetime_registro, observacion, nro_curso, id_convocatoria_id, id_departamento_id, id_estado_actividad_academica_id, id_facultad_id, id_funcionario_docente_encargado_id, id_materia_id, id_persona_alta_id, id_persona_solicitante_id, id_persona_ultima_modificacion_id) VALUES (28, '2024-01-25 12:12:00-03', '2024-01-25 12:50:00-03', '2024-01-25 15:13:45.778689-03', NULL, '2024-01-25 15:13:45.778689-03', 'se brindo la orientacion correspondiente', '', 1, 2, 1, 1, 1, 6, 1, 3, 1);
INSERT INTO public.calendarapp_tutoria (id_tutoria_id, nombre_trabajo, id_cita_id, id_tipo_tutoria_id, motivo_cancelacion) VALUES (5, '', 5, 2, NULL);
INSERT INTO public.calendarapp_tutoria (id_tutoria_id, nombre_trabajo, id_cita_id, id_tipo_tutoria_id, motivo_cancelacion) VALUES (10, '', 10, 2, NULL);
INSERT INTO public.calendarapp_tutoria (id_tutoria_id, nombre_trabajo, id_cita_id, id_tipo_tutoria_id, motivo_cancelacion) VALUES (19, '', NULL, 2, NULL);
INSERT INTO public.calendarapp_tutoria (id_tutoria_id, nombre_trabajo, id_cita_id, id_tipo_tutoria_id, motivo_cancelacion) VALUES (21, 'AcOMs', NULL, 1, 'se cancela por falta de participacion');
INSERT INTO public.calendarapp_tutoria (id_tutoria_id, nombre_trabajo, id_cita_id, id_tipo_tutoria_id, motivo_cancelacion) VALUES (24, '', NULL, 2, NULL);
INSERT INTO public.calendarapp_tutoria (id_tutoria_id, nombre_trabajo, id_cita_id, id_tipo_tutoria_id, motivo_cancelacion) VALUES (27, 'AcOms', NULL, 1, NULL);
INSERT INTO public.calendarapp_tutoria (id_tutoria_id, nombre_trabajo, id_cita_id, id_tipo_tutoria_id, motivo_cancelacion) VALUES (28, 'AcOMs', NULL, 1, NULL);
INSERT INTO public.calendarapp_orientacionacademica (id_orientacion_academica_id, id_cita_id, id_motivo_id, id_tipo_orientacion_academica_id, motivo_cancelacion) VALUES (20, NULL, 1, 1, NULL);
INSERT INTO public.calendarapp_orientacionacademica (id_orientacion_academica_id, id_cita_id, id_motivo_id, id_tipo_orientacion_academica_id, motivo_cancelacion) VALUES (22, NULL, 2, 1, NULL);
INSERT INTO public.calendarapp_orientacionacademica (id_orientacion_academica_id, id_cita_id, id_motivo_id, id_tipo_orientacion_academica_id, motivo_cancelacion) VALUES (23, NULL, 3, 2, NULL);
INSERT INTO public.calendarapp_orientacionacademica (id_orientacion_academica_id, id_cita_id, id_motivo_id, id_tipo_orientacion_academica_id, motivo_cancelacion) VALUES (25, NULL, 3, 2, NULL);
INSERT INTO public.calendarapp_orientacionacademica (id_orientacion_academica_id, id_cita_id, id_motivo_id, id_tipo_orientacion_academica_id, motivo_cancelacion) VALUES (26, NULL, 4, 2, NULL);
INSERT INTO public.calendarapp_orientacionacademica (id_orientacion_academica_id, id_cita_id, id_motivo_id, id_tipo_orientacion_academica_id, motivo_cancelacion) VALUES (29, NULL, 4, 2, NULL);
INSERT INTO public.calendarapp_cita (id_cita_id, es_tutoria, es_orientacion_academica, es_notificable, motivo, motivo_cancelacion, motivo_rechazo, id_parametro_id) VALUES (8, false, true, true, 'estado academico actual', NULL, NULL, 1);
INSERT INTO public.calendarapp_cita (id_cita_id, es_tutoria, es_orientacion_academica, es_notificable, motivo, motivo_cancelacion, motivo_rechazo, id_parametro_id) VALUES (5, true, false, true, 'Reforzar temas vistos en la ultima clase', NULL, NULL, 2);
INSERT INTO public.calendarapp_cita (id_cita_id, es_tutoria, es_orientacion_academica, es_notificable, motivo, motivo_cancelacion, motivo_rechazo, id_parametro_id) VALUES (7, true, false, true, 'Aclarar duda de funcionalidad de arrays', NULL, 'permiso de salud', 2);
INSERT INTO public.calendarapp_cita (id_cita_id, es_tutoria, es_orientacion_academica, es_notificable, motivo, motivo_cancelacion, motivo_rechazo, id_parametro_id) VALUES (9, true, false, true, '', NULL, NULL, 2);
INSERT INTO public.calendarapp_cita (id_cita_id, es_tutoria, es_orientacion_academica, es_notificable, motivo, motivo_cancelacion, motivo_rechazo, id_parametro_id) VALUES (12, true, false, true, 'reforzar etiquetas html', NULL, NULL, 2);
INSERT INTO public.calendarapp_cita (id_cita_id, es_tutoria, es_orientacion_academica, es_notificable, motivo, motivo_cancelacion, motivo_rechazo, id_parametro_id) VALUES (15, true, false, true, '', NULL, NULL, 2);
INSERT INTO public.calendarapp_cita (id_cita_id, es_tutoria, es_orientacion_academica, es_notificable, motivo, motivo_cancelacion, motivo_rechazo, id_parametro_id) VALUES (14, false, true, true, 'solicitar aprobacion para baja de materia', 'no podre asistir', NULL, 1);
INSERT INTO public.calendarapp_cita (id_cita_id, es_tutoria, es_orientacion_academica, es_notificable, motivo, motivo_cancelacion, motivo_rechazo, id_parametro_id) VALUES (10, true, false, true, 'se aclararon las dudas del alumno y se brindo orientacion', NULL, NULL, 2);
INSERT INTO public.calendarapp_cita (id_cita_id, es_tutoria, es_orientacion_academica, es_notificable, motivo, motivo_cancelacion, motivo_rechazo, id_parametro_id) VALUES (13, true, false, true, 'Dudas de la de ultima clase', NULL, 'no podre ese dia', 2);
INSERT INTO public.calendarapp_cita (id_cita_id, es_tutoria, es_orientacion_academica, es_notificable, motivo, motivo_cancelacion, motivo_rechazo, id_parametro_id) VALUES (11, false, true, true, '', NULL, 'no puedo ese horario', 1);
INSERT INTO public.calendarapp_cita (id_cita_id, es_tutoria, es_orientacion_academica, es_notificable, motivo, motivo_cancelacion, motivo_rechazo, id_parametro_id) VALUES (6, false, true, true, 'Consultas sobre trabajo final de grado', NULL, 'ya fue aprobado otro horario', 1);
INSERT INTO public.calendarapp_detalleactividadacademica ("id_detalle_actividad_Academica", id_actividad_academica_id, id_participante_id) VALUES (2, 5, 3);
INSERT INTO public.calendarapp_detalleactividadacademica ("id_detalle_actividad_Academica", id_actividad_academica_id, id_participante_id) VALUES (3, 13, 2);
INSERT INTO public.calendarapp_tarea (id_tarea, datetime_inicio_estimado, datetime_inicio_real, datetime_vencimiento, datetime_alta, datetime_finalizacion, datetime_ultima_modificacion, observacion, es_notificable, id_estado_tarea_id, id_persona_alta_id, id_persona_finalizacion_id, id_persona_responsable_id, id_persona_ultima_modificacion_id, id_tipo_tarea_id, id_orientacion_academica_id, id_tutoria_id) VALUES (1, '2024-01-24 12:31:00-03', NULL, '2024-01-25 12:31:00-03', '2024-01-24 12:32:11.176159-03', NULL, '2024-01-24 12:32:11.176159-03', 'realizar tareas de refuerzo', true, 4, 4, NULL, 2, 4, 1, NULL, 5);
INSERT INTO public.calendarapp_tarea (id_tarea, datetime_inicio_estimado, datetime_inicio_real, datetime_vencimiento, datetime_alta, datetime_finalizacion, datetime_ultima_modificacion, observacion, es_notificable, id_estado_tarea_id, id_persona_alta_id, id_persona_finalizacion_id, id_persona_responsable_id, id_persona_ultima_modificacion_id, id_tipo_tarea_id, id_orientacion_academica_id, id_tutoria_id) VALUES (2, '2024-01-25 11:04:00-03', '2024-01-25 11:04:00-03', '2024-01-26 11:04:00-03', '2024-01-25 14:07:54.017833-03', NULL, '2024-01-25 11:07:54.017833-03', 'finalizar tarea de clase', true, 1, 5, NULL, 3, 5, 1, NULL, 19);
INSERT INTO public.calendarapp_tarea (id_tarea, datetime_inicio_estimado, datetime_inicio_real, datetime_vencimiento, datetime_alta, datetime_finalizacion, datetime_ultima_modificacion, observacion, es_notificable, id_estado_tarea_id, id_persona_alta_id, id_persona_finalizacion_id, id_persona_responsable_id, id_persona_ultima_modificacion_id, id_tipo_tarea_id, id_orientacion_academica_id, id_tutoria_id) VALUES (4, '2024-01-25 11:33:00-03', '2024-01-25 11:33:00-03', '2024-01-27 11:40:00-03', '2024-01-25 14:34:18.760328-03', NULL, '2024-01-25 11:34:18.760328-03', 'conversar ccon el decano sobre el caso', true, 1, 5, NULL, 5, 5, 4, 22, NULL);
INSERT INTO public.calendarapp_tarea (id_tarea, datetime_inicio_estimado, datetime_inicio_real, datetime_vencimiento, datetime_alta, datetime_finalizacion, datetime_ultima_modificacion, observacion, es_notificable, id_estado_tarea_id, id_persona_alta_id, id_persona_finalizacion_id, id_persona_responsable_id, id_persona_ultima_modificacion_id, id_tipo_tarea_id, id_orientacion_academica_id, id_tutoria_id) VALUES (5, '2024-01-25 11:33:00-03', NULL, '2024-01-29 11:33:00-03', '2024-01-25 14:34:18.765829-03', NULL, '2024-01-25 11:34:18.76633-03', 'dar seguimiento al resultado', true, 4, 5, NULL, 2, 5, 1, 22, NULL);
INSERT INTO public.calendarapp_tarea (id_tarea, datetime_inicio_estimado, datetime_inicio_real, datetime_vencimiento, datetime_alta, datetime_finalizacion, datetime_ultima_modificacion, observacion, es_notificable, id_estado_tarea_id, id_persona_alta_id, id_persona_finalizacion_id, id_persona_responsable_id, id_persona_ultima_modificacion_id, id_tipo_tarea_id, id_orientacion_academica_id, id_tutoria_id) VALUES (6, '2024-01-25 11:35:00-03', NULL, '2024-01-26 11:35:00-03', '2024-01-25 14:36:31.977777-03', NULL, '2024-01-25 11:37:16.73879-03', '', true, 4, 5, NULL, 3, 5, 1, 23, NULL);
INSERT INTO public.calendarapp_tarea (id_tarea, datetime_inicio_estimado, datetime_inicio_real, datetime_vencimiento, datetime_alta, datetime_finalizacion, datetime_ultima_modificacion, observacion, es_notificable, id_estado_tarea_id, id_persona_alta_id, id_persona_finalizacion_id, id_persona_responsable_id, id_persona_ultima_modificacion_id, id_tipo_tarea_id, id_orientacion_academica_id, id_tutoria_id) VALUES (7, '2024-01-26 11:36:00-03', NULL, '2024-01-26 12:36:00-03', '2024-01-25 14:36:31.983778-03', NULL, '2024-01-25 11:37:16.741791-03', '', true, 4, 5, NULL, 5, 5, 4, 23, NULL);
INSERT INTO public.calendarapp_tarea (id_tarea, datetime_inicio_estimado, datetime_inicio_real, datetime_vencimiento, datetime_alta, datetime_finalizacion, datetime_ultima_modificacion, observacion, es_notificable, id_estado_tarea_id, id_persona_alta_id, id_persona_finalizacion_id, id_persona_responsable_id, id_persona_ultima_modificacion_id, id_tipo_tarea_id, id_orientacion_academica_id, id_tutoria_id) VALUES (3, '2024-01-25 11:30:00-03', '2024-01-25 14:41:30.999556-03', '2024-01-28 11:30:00-03', '2024-01-25 14:31:31.290252-03', NULL, '2024-01-25 11:41:31.000557-03', 'corregir errores en documentacion', true, 1, 5, NULL, 3, 5, 1, NULL, 21);
INSERT INTO public.calendarapp_tarea (id_tarea, datetime_inicio_estimado, datetime_inicio_real, datetime_vencimiento, datetime_alta, datetime_finalizacion, datetime_ultima_modificacion, observacion, es_notificable, id_estado_tarea_id, id_persona_alta_id, id_persona_finalizacion_id, id_persona_responsable_id, id_persona_ultima_modificacion_id, id_tipo_tarea_id, id_orientacion_academica_id, id_tutoria_id) VALUES (8, '2024-01-25 11:58:00-03', NULL, '2024-01-26 11:58:00-03', '2024-01-25 14:59:38.217203-03', NULL, '2024-01-25 11:59:38.217203-03', 'finalizar tarea de refuerzo', true, 4, 4, NULL, 2, 4, 1, NULL, 24);
INSERT INTO public.calendarapp_tarea (id_tarea, datetime_inicio_estimado, datetime_inicio_real, datetime_vencimiento, datetime_alta, datetime_finalizacion, datetime_ultima_modificacion, observacion, es_notificable, id_estado_tarea_id, id_persona_alta_id, id_persona_finalizacion_id, id_persona_responsable_id, id_persona_ultima_modificacion_id, id_tipo_tarea_id, id_orientacion_academica_id, id_tutoria_id) VALUES (9, '2024-01-25 11:59:00-03', NULL, '2024-01-26 11:59:00-03', '2024-01-25 14:59:38.223204-03', NULL, '2024-01-25 11:59:38.223704-03', 'dar seguimiento a la tarea solicitada', true, 4, 4, NULL, 4, 4, 1, NULL, 24);
INSERT INTO public.calendarapp_tarea (id_tarea, datetime_inicio_estimado, datetime_inicio_real, datetime_vencimiento, datetime_alta, datetime_finalizacion, datetime_ultima_modificacion, observacion, es_notificable, id_estado_tarea_id, id_persona_alta_id, id_persona_finalizacion_id, id_persona_responsable_id, id_persona_ultima_modificacion_id, id_tipo_tarea_id, id_orientacion_academica_id, id_tutoria_id) VALUES (10, '2024-01-25 12:00:00-03', NULL, '2024-01-29 12:00:00-03', '2024-01-25 15:01:44.140563-03', NULL, '2024-01-25 12:01:44.141063-03', 'dar seguimiento del avance solicitado', true, 4, 4, NULL, 4, 4, 1, 25, NULL);
INSERT INTO public.calendarapp_tarea (id_tarea, datetime_inicio_estimado, datetime_inicio_real, datetime_vencimiento, datetime_alta, datetime_finalizacion, datetime_ultima_modificacion, observacion, es_notificable, id_estado_tarea_id, id_persona_alta_id, id_persona_finalizacion_id, id_persona_responsable_id, id_persona_ultima_modificacion_id, id_tipo_tarea_id, id_orientacion_academica_id, id_tutoria_id) VALUES (11, '2024-01-25 12:00:00-03', NULL, '2024-01-30 12:00:00-03', '2024-01-25 15:01:44.147565-03', NULL, '2024-01-25 12:01:44.147565-03', 'entrevistas con los usuarios', true, 4, 4, NULL, 3, 4, 4, 25, NULL);
INSERT INTO public.calendarapp_tarea (id_tarea, datetime_inicio_estimado, datetime_inicio_real, datetime_vencimiento, datetime_alta, datetime_finalizacion, datetime_ultima_modificacion, observacion, es_notificable, id_estado_tarea_id, id_persona_alta_id, id_persona_finalizacion_id, id_persona_responsable_id, id_persona_ultima_modificacion_id, id_tipo_tarea_id, id_orientacion_academica_id, id_tutoria_id) VALUES (12, '2024-01-25 12:02:00-03', '2024-01-25 15:03:46.172114-03', '2024-01-31 12:02:00-03', '2024-01-25 15:03:30.419393-03', NULL, '2024-01-25 12:03:46.173614-03', '', true, 1, 4, NULL, 4, 4, 1, 26, NULL);
INSERT INTO public.calendarapp_tarea (id_tarea, datetime_inicio_estimado, datetime_inicio_real, datetime_vencimiento, datetime_alta, datetime_finalizacion, datetime_ultima_modificacion, observacion, es_notificable, id_estado_tarea_id, id_persona_alta_id, id_persona_finalizacion_id, id_persona_responsable_id, id_persona_ultima_modificacion_id, id_tipo_tarea_id, id_orientacion_academica_id, id_tutoria_id) VALUES (13, '2024-01-25 12:03:00-03', NULL, '2024-01-31 12:03:00-03', '2024-01-25 15:03:30.425395-03', NULL, '2024-01-25 12:03:46.176615-03', '', true, 4, 4, NULL, 2, 4, 1, 26, NULL);
INSERT INTO public.calendarapp_tarea (id_tarea, datetime_inicio_estimado, datetime_inicio_real, datetime_vencimiento, datetime_alta, datetime_finalizacion, datetime_ultima_modificacion, observacion, es_notificable, id_estado_tarea_id, id_persona_alta_id, id_persona_finalizacion_id, id_persona_responsable_id, id_persona_ultima_modificacion_id, id_tipo_tarea_id, id_orientacion_academica_id, id_tutoria_id) VALUES (14, '2024-01-25 12:04:00-03', NULL, '2024-01-31 12:04:00-03', '2024-01-25 15:05:38.524028-03', NULL, '2024-01-25 12:05:46.949006-03', 'reunion con el decano', true, 4, 4, NULL, 3, 4, 4, NULL, 27);
INSERT INTO public.calendarapp_tarea (id_tarea, datetime_inicio_estimado, datetime_inicio_real, datetime_vencimiento, datetime_alta, datetime_finalizacion, datetime_ultima_modificacion, observacion, es_notificable, id_estado_tarea_id, id_persona_alta_id, id_persona_finalizacion_id, id_persona_responsable_id, id_persona_ultima_modificacion_id, id_tipo_tarea_id, id_orientacion_academica_id, id_tutoria_id) VALUES (15, '2024-01-25 12:05:00-03', NULL, '2024-01-31 12:05:00-03', '2024-01-25 15:05:38.52953-03', NULL, '2024-01-25 12:05:46.951506-03', 'llamar al decano a verificar el proceso', true, 4, 4, NULL, 4, 4, 2, NULL, 27);
INSERT INTO public.calendarapp_tarea (id_tarea, datetime_inicio_estimado, datetime_inicio_real, datetime_vencimiento, datetime_alta, datetime_finalizacion, datetime_ultima_modificacion, observacion, es_notificable, id_estado_tarea_id, id_persona_alta_id, id_persona_finalizacion_id, id_persona_responsable_id, id_persona_ultima_modificacion_id, id_tipo_tarea_id, id_orientacion_academica_id, id_tutoria_id) VALUES (16, '2024-01-25 12:12:00-03', NULL, '2024-01-26 12:12:00-03', '2024-01-25 15:13:45.783689-03', NULL, '2024-01-25 12:36:29.363058-03', 'seguimiento a la tarea', true, 4, 1, NULL, 3, 1, 1, NULL, 28);
INSERT INTO public.calendarapp_tarea (id_tarea, datetime_inicio_estimado, datetime_inicio_real, datetime_vencimiento, datetime_alta, datetime_finalizacion, datetime_ultima_modificacion, observacion, es_notificable, id_estado_tarea_id, id_persona_alta_id, id_persona_finalizacion_id, id_persona_responsable_id, id_persona_ultima_modificacion_id, id_tipo_tarea_id, id_orientacion_academica_id, id_tutoria_id) VALUES (17, '2024-01-25 12:13:00-03', NULL, '2024-01-26 12:13:00-03', '2024-01-25 15:13:45.78969-03', NULL, '2024-01-25 12:36:29.366059-03', 'corregir errores de codigo', true, 4, 1, NULL, 3, 1, 1, NULL, 28);
INSERT INTO public.notify_notification (id, level, tipo, id_tipo, object_id_actor, verbo, read, publico, eliminado, "timestamp", actor_content_type_id, destiny_id) VALUES (1, 'info', 'cita_tutoria', 5, 2, 'Nueva solicitud de cita', false, true, false, '2024-01-24 12:13:24.412724-03', 34, 4);
INSERT INTO public.notify_notification (id, level, tipo, id_tipo, object_id_actor, verbo, read, publico, eliminado, "timestamp", actor_content_type_id, destiny_id) VALUES (3, 'info', 'cita_tutoria', 7, 2, 'Nueva solicitud de cita', false, true, false, '2024-01-24 12:20:44.495559-03', 34, 4);
INSERT INTO public.notify_notification (id, level, tipo, id_tipo, object_id_actor, verbo, read, publico, eliminado, "timestamp", actor_content_type_id, destiny_id) VALUES (5, 'info', 'cita_tutoria', 5, 4, 'Cita de Tutoría confirmada.', false, true, false, '2024-01-24 12:30:37.675147-03', 34, 2);
INSERT INTO public.notify_notification (id, level, tipo, id_tipo, object_id_actor, verbo, read, publico, eliminado, "timestamp", actor_content_type_id, destiny_id) VALUES (6, 'info', 'tarea_cita_tutoria', 5, 4, 'Te asignaron una tarea en una cita de tutoría', false, true, false, '2024-01-24 12:32:11.186586-03', 34, 2);
INSERT INTO public.notify_notification (id, level, tipo, id_tipo, object_id_actor, verbo, read, publico, eliminado, "timestamp", actor_content_type_id, destiny_id) VALUES (7, 'info', 'cita_tutoria', 7, 4, 'Cita de Tutoría rechazada.', false, true, false, '2024-01-24 12:33:53.290856-03', 34, 2);
INSERT INTO public.notify_notification (id, level, tipo, id_tipo, object_id_actor, verbo, read, publico, eliminado, "timestamp", actor_content_type_id, destiny_id) VALUES (8, 'info', 'cita_tutoria', 9, 2, 'Nueva solicitud de cita', false, true, false, '2024-01-24 12:43:26.745726-03', 34, 4);
INSERT INTO public.notify_notification (id, level, tipo, id_tipo, object_id_actor, verbo, read, publico, eliminado, "timestamp", actor_content_type_id, destiny_id) VALUES (9, 'info', 'cita_tutoria', 10, 2, 'Nueva solicitud de cita', false, true, false, '2024-01-24 12:52:10.274281-03', 34, 4);
INSERT INTO public.notify_notification (id, level, tipo, id_tipo, object_id_actor, verbo, read, publico, eliminado, "timestamp", actor_content_type_id, destiny_id) VALUES (10, 'info', 'cita_orientacion', 11, 2, 'Nueva solicitud de cita', false, true, false, '2024-01-24 13:11:11.036213-03', 34, 5);
INSERT INTO public.notify_notification (id, level, tipo, id_tipo, object_id_actor, verbo, read, publico, eliminado, "timestamp", actor_content_type_id, destiny_id) VALUES (11, 'info', 'cita_tutoria', 12, 2, 'Nueva solicitud de cita', false, true, false, '2024-01-25 10:25:00.081663-03', 34, 5);
INSERT INTO public.notify_notification (id, level, tipo, id_tipo, object_id_actor, verbo, read, publico, eliminado, "timestamp", actor_content_type_id, destiny_id) VALUES (12, 'info', 'cita_tutoria', 13, 3, 'Nueva solicitud de cita', false, true, false, '2024-01-25 10:49:35.362788-03', 34, 4);
INSERT INTO public.notify_notification (id, level, tipo, id_tipo, object_id_actor, verbo, read, publico, eliminado, "timestamp", actor_content_type_id, destiny_id) VALUES (13, 'info', 'cita_orientacion', 14, 3, 'Nueva solicitud de cita', false, true, false, '2024-01-25 10:50:04.776128-03', 34, 5);
INSERT INTO public.notify_notification (id, level, tipo, id_tipo, object_id_actor, verbo, read, publico, eliminado, "timestamp", actor_content_type_id, destiny_id) VALUES (14, 'info', 'cita_tutoria', 15, 3, 'Nueva solicitud de cita', false, true, false, '2024-01-25 10:52:53.636705-03', 34, 5);
INSERT INTO public.notify_notification (id, level, tipo, id_tipo, object_id_actor, verbo, read, publico, eliminado, "timestamp", actor_content_type_id, destiny_id) VALUES (15, 'info', 'cita_orientacion', 14, 3, 'Cita de Orientación Académica cancelada.', false, true, false, '2024-01-25 10:54:09.792019-03', 34, 5);
INSERT INTO public.notify_notification (id, level, tipo, id_tipo, object_id_actor, verbo, read, publico, eliminado, "timestamp", actor_content_type_id, destiny_id) VALUES (16, 'info', 'cita_tutoria', 10, 4, 'Cita de Tutoría confirmada.', false, true, false, '2024-01-25 10:55:28.351236-03', 34, 2);
INSERT INTO public.notify_notification (id, level, tipo, id_tipo, object_id_actor, verbo, read, publico, eliminado, "timestamp", actor_content_type_id, destiny_id) VALUES (17, 'info', 'cita_tutoria', 13, 4, 'Cita de Tutoría rechazada.', false, true, false, '2024-01-25 10:58:47.943697-03', 34, 3);
INSERT INTO public.notify_notification (id, level, tipo, id_tipo, object_id_actor, verbo, read, publico, eliminado, "timestamp", actor_content_type_id, destiny_id) VALUES (18, 'info', 'cita_tutoria', 15, 5, 'Cita de Tutoría confirmada.', false, true, false, '2024-01-25 11:01:41.416615-03', 34, 3);
INSERT INTO public.notify_notification (id, level, tipo, id_tipo, object_id_actor, verbo, read, publico, eliminado, "timestamp", actor_content_type_id, destiny_id) VALUES (19, 'info', 'cita_orientacion', 11, 5, 'Cita de Orientación Académica rechazada.', false, true, false, '2024-01-25 11:02:09.620443-03', 34, 2);
INSERT INTO public.notify_notification (id, level, tipo, id_tipo, object_id_actor, verbo, read, publico, eliminado, "timestamp", actor_content_type_id, destiny_id) VALUES (20, 'info', 'tarea_tutoria', 19, 5, 'Te asignaron una tarea en una tutoría', false, true, false, '2024-01-25 11:07:54.021333-03', 34, 3);
INSERT INTO public.notify_notification (id, level, tipo, id_tipo, object_id_actor, verbo, read, publico, eliminado, "timestamp", actor_content_type_id, destiny_id) VALUES (21, 'info', 'tarea_tutoria', 21, 5, 'Te asignaron una tarea en una tutoría', false, true, false, '2024-01-25 11:31:31.293752-03', 34, 3);
INSERT INTO public.notify_notification (id, level, tipo, id_tipo, object_id_actor, verbo, read, publico, eliminado, "timestamp", actor_content_type_id, destiny_id) VALUES (22, 'info', 'tarea_orientacion', 22, 5, 'Te asignaron una tarea en una orientación académica', false, true, false, '2024-01-25 11:34:18.763829-03', 34, 5);
INSERT INTO public.notify_notification (id, level, tipo, id_tipo, object_id_actor, verbo, read, publico, eliminado, "timestamp", actor_content_type_id, destiny_id) VALUES (23, 'info', 'tarea_orientacion', 22, 5, 'Te asignaron una tarea en una orientación académica', false, true, false, '2024-01-25 11:34:18.76933-03', 34, 2);
INSERT INTO public.notify_notification (id, level, tipo, id_tipo, object_id_actor, verbo, read, publico, eliminado, "timestamp", actor_content_type_id, destiny_id) VALUES (24, 'info', 'tarea_orientacion', 23, 5, 'Te asignaron una tarea en una orientación académica', false, true, false, '2024-01-25 11:36:31.981778-03', 34, 3);
INSERT INTO public.notify_notification (id, level, tipo, id_tipo, object_id_actor, verbo, read, publico, eliminado, "timestamp", actor_content_type_id, destiny_id) VALUES (25, 'info', 'tarea_orientacion', 23, 5, 'Te asignaron una tarea en una orientación académica', false, true, false, '2024-01-25 11:36:31.986279-03', 34, 5);
INSERT INTO public.notify_notification (id, level, tipo, id_tipo, object_id_actor, verbo, read, publico, eliminado, "timestamp", actor_content_type_id, destiny_id) VALUES (26, 'info', 'orientacion', 23, 5, 'Orientación Académica finalizada.', false, true, false, '2024-01-25 11:37:16.724287-03', 34, 3);
INSERT INTO public.notify_notification (id, level, tipo, id_tipo, object_id_actor, verbo, read, publico, eliminado, "timestamp", actor_content_type_id, destiny_id) VALUES (27, 'info', 'tutoria', 21, 5, 'Tutoría cancelada.', false, true, false, '2024-01-25 11:42:08.006427-03', 34, 3);
INSERT INTO public.notify_notification (id, level, tipo, id_tipo, object_id_actor, verbo, read, publico, eliminado, "timestamp", actor_content_type_id, destiny_id) VALUES (28, 'info', 'tarea_tutoria', 24, 4, 'Te asignaron una tarea en una tutoría', false, true, false, '2024-01-25 11:59:38.221204-03', 34, 2);
INSERT INTO public.notify_notification (id, level, tipo, id_tipo, object_id_actor, verbo, read, publico, eliminado, "timestamp", actor_content_type_id, destiny_id) VALUES (29, 'info', 'tarea_tutoria', 24, 4, 'Te asignaron una tarea en una tutoría', false, true, false, '2024-01-25 11:59:38.226205-03', 34, 4);
INSERT INTO public.notify_notification (id, level, tipo, id_tipo, object_id_actor, verbo, read, publico, eliminado, "timestamp", actor_content_type_id, destiny_id) VALUES (30, 'info', 'tarea_orientacion', 25, 4, 'Te asignaron una tarea en una orientación académica', false, true, false, '2024-01-25 12:01:44.145064-03', 34, 4);
INSERT INTO public.notify_notification (id, level, tipo, id_tipo, object_id_actor, verbo, read, publico, eliminado, "timestamp", actor_content_type_id, destiny_id) VALUES (31, 'info', 'tarea_orientacion', 25, 4, 'Te asignaron una tarea en una orientación académica', false, true, false, '2024-01-25 12:01:44.150565-03', 34, 3);
INSERT INTO public.notify_notification (id, level, tipo, id_tipo, object_id_actor, verbo, read, publico, eliminado, "timestamp", actor_content_type_id, destiny_id) VALUES (32, 'info', 'tarea_orientacion', 26, 4, 'Te asignaron una tarea en una orientación académica', false, true, false, '2024-01-25 12:03:30.423394-03', 34, 4);
INSERT INTO public.notify_notification (id, level, tipo, id_tipo, object_id_actor, verbo, read, publico, eliminado, "timestamp", actor_content_type_id, destiny_id) VALUES (33, 'info', 'tarea_orientacion', 26, 4, 'Te asignaron una tarea en una orientación académica', false, true, false, '2024-01-25 12:03:30.428395-03', 34, 2);
INSERT INTO public.notify_notification (id, level, tipo, id_tipo, object_id_actor, verbo, read, publico, eliminado, "timestamp", actor_content_type_id, destiny_id) VALUES (35, 'info', 'tarea_tutoria', 27, 4, 'Te asignaron una tarea en una tutoría', false, true, false, '2024-01-25 12:05:38.53253-03', 34, 4);
INSERT INTO public.notify_notification (id, level, tipo, id_tipo, object_id_actor, verbo, read, publico, eliminado, "timestamp", actor_content_type_id, destiny_id) VALUES (36, 'info', 'cita_orientacion', 8, 1, 'Cita de Orientación Académica confirmada.', false, true, false, '2024-01-25 12:11:26.494103-03', 34, 2);
INSERT INTO public.notify_notification (id, level, tipo, id_tipo, object_id_actor, verbo, read, publico, eliminado, "timestamp", actor_content_type_id, destiny_id) VALUES (37, 'info', 'cita_orientacion', 6, 1, 'Cita de Orientación Académica rechazada.', false, true, false, '2024-01-25 12:11:48.032376-03', 34, 2);
INSERT INTO public.notify_notification (id, level, tipo, id_tipo, object_id_actor, verbo, read, publico, eliminado, "timestamp", actor_content_type_id, destiny_id) VALUES (2, 'info', 'cita_orientacion', 6, 2, 'Nueva solicitud de cita', true, true, false, '2024-01-24 12:15:55.645656-03', 34, 1);
INSERT INTO public.notify_notification (id, level, tipo, id_tipo, object_id_actor, verbo, read, publico, eliminado, "timestamp", actor_content_type_id, destiny_id) VALUES (4, 'info', 'cita_orientacion', 8, 2, 'Nueva solicitud de cita', true, true, false, '2024-01-24 12:21:04.022685-03', 34, 1);
INSERT INTO public.notify_notification (id, level, tipo, id_tipo, object_id_actor, verbo, read, publico, eliminado, "timestamp", actor_content_type_id, destiny_id) VALUES (38, 'info', 'tarea_tutoria', 28, 1, 'Te asignaron una tarea en una tutoría', true, true, false, '2024-01-25 12:13:45.78769-03', 34, 3);
INSERT INTO public.notify_notification (id, level, tipo, id_tipo, object_id_actor, verbo, read, publico, eliminado, "timestamp", actor_content_type_id, destiny_id) VALUES (39, 'info', 'tarea_tutoria', 28, 1, 'Te asignaron una tarea en una tutoría', true, true, false, '2024-01-25 12:13:45.79269-03', 34, 3);
INSERT INTO public.notify_notification (id, level, tipo, id_tipo, object_id_actor, verbo, read, publico, eliminado, "timestamp", actor_content_type_id, destiny_id) VALUES (34, 'info', 'tarea_tutoria', 27, 4, 'Te asignaron una tarea en una tutoría', true, true, false, '2024-01-25 12:05:38.527529-03', 34, 3);
INSERT INTO public.auth_group (id, name) VALUES (1, 'Funcionario/Docente');
INSERT INTO public.auth_group_permissions (id, group_id, permission_id) VALUES (1, 1, 1);
INSERT INTO public.auth_group_permissions (id, group_id, permission_id) VALUES (2, 1, 2);
INSERT INTO public.auth_group_permissions (id, group_id, permission_id) VALUES (3, 1, 3);
INSERT INTO public.auth_group_permissions (id, group_id, permission_id) VALUES (4, 1, 4);
INSERT INTO public.auth_group_permissions (id, group_id, permission_id) VALUES (5, 1, 5);
INSERT INTO public.auth_group_permissions (id, group_id, permission_id) VALUES (6, 1, 6);
INSERT INTO public.auth_group_permissions (id, group_id, permission_id) VALUES (7, 1, 7);
INSERT INTO public.auth_group_permissions (id, group_id, permission_id) VALUES (8, 1, 8);
INSERT INTO public.auth_group_permissions (id, group_id, permission_id) VALUES (9, 1, 12);
INSERT INTO public.auth_group_permissions (id, group_id, permission_id) VALUES (10, 1, 13);
INSERT INTO public.auth_group_permissions (id, group_id, permission_id) VALUES (11, 1, 14);
INSERT INTO public.auth_group_permissions (id, group_id, permission_id) VALUES (12, 1, 15);
INSERT INTO public.auth_group_permissions (id, group_id, permission_id) VALUES (13, 1, 16);
INSERT INTO public.auth_group_permissions (id, group_id, permission_id) VALUES (14, 1, 21);
INSERT INTO public.auth_group_permissions (id, group_id, permission_id) VALUES (15, 1, 22);
INSERT INTO public.auth_group_permissions (id, group_id, permission_id) VALUES (16, 1, 23);
INSERT INTO public.auth_group_permissions (id, group_id, permission_id) VALUES (17, 1, 24);
INSERT INTO public.auth_group_permissions (id, group_id, permission_id) VALUES (18, 1, 25);
INSERT INTO public.auth_group_permissions (id, group_id, permission_id) VALUES (19, 1, 26);
INSERT INTO public.auth_group_permissions (id, group_id, permission_id) VALUES (20, 1, 27);
INSERT INTO public.auth_group_permissions (id, group_id, permission_id) VALUES (21, 1, 28);
INSERT INTO public.auth_group_permissions (id, group_id, permission_id) VALUES (22, 1, 29);
INSERT INTO public.auth_group_permissions (id, group_id, permission_id) VALUES (23, 1, 30);
INSERT INTO public.auth_group_permissions (id, group_id, permission_id) VALUES (24, 1, 31);
INSERT INTO public.auth_group_permissions (id, group_id, permission_id) VALUES (25, 1, 32);
INSERT INTO public.auth_group_permissions (id, group_id, permission_id) VALUES (26, 1, 33);
INSERT INTO public.auth_group_permissions (id, group_id, permission_id) VALUES (27, 1, 34);
INSERT INTO public.auth_group_permissions (id, group_id, permission_id) VALUES (28, 1, 35);
INSERT INTO public.auth_group_permissions (id, group_id, permission_id) VALUES (29, 1, 36);
INSERT INTO public.auth_group_permissions (id, group_id, permission_id) VALUES (30, 1, 37);
INSERT INTO public.auth_group_permissions (id, group_id, permission_id) VALUES (31, 1, 38);
INSERT INTO public.auth_group_permissions (id, group_id, permission_id) VALUES (32, 1, 39);
INSERT INTO public.auth_group_permissions (id, group_id, permission_id) VALUES (33, 1, 40);
INSERT INTO public.auth_group_permissions (id, group_id, permission_id) VALUES (34, 1, 41);
INSERT INTO public.auth_group_permissions (id, group_id, permission_id) VALUES (35, 1, 42);
INSERT INTO public.auth_group_permissions (id, group_id, permission_id) VALUES (36, 1, 43);
INSERT INTO public.auth_group_permissions (id, group_id, permission_id) VALUES (37, 1, 44);
INSERT INTO public.auth_group_permissions (id, group_id, permission_id) VALUES (38, 1, 45);
INSERT INTO public.auth_group_permissions (id, group_id, permission_id) VALUES (39, 1, 46);
INSERT INTO public.auth_group_permissions (id, group_id, permission_id) VALUES (40, 1, 47);
INSERT INTO public.auth_group_permissions (id, group_id, permission_id) VALUES (41, 1, 48);
INSERT INTO public.auth_group_permissions (id, group_id, permission_id) VALUES (42, 1, 49);
INSERT INTO public.auth_group_permissions (id, group_id, permission_id) VALUES (43, 1, 50);
INSERT INTO public.auth_group_permissions (id, group_id, permission_id) VALUES (44, 1, 51);
INSERT INTO public.auth_group_permissions (id, group_id, permission_id) VALUES (45, 1, 52);
INSERT INTO public.auth_group_permissions (id, group_id, permission_id) VALUES (46, 1, 53);
INSERT INTO public.auth_group_permissions (id, group_id, permission_id) VALUES (47, 1, 54);
INSERT INTO public.auth_group_permissions (id, group_id, permission_id) VALUES (48, 1, 55);
INSERT INTO public.auth_group_permissions (id, group_id, permission_id) VALUES (49, 1, 56);
INSERT INTO public.auth_group_permissions (id, group_id, permission_id) VALUES (50, 1, 57);
INSERT INTO public.auth_group_permissions (id, group_id, permission_id) VALUES (51, 1, 58);
INSERT INTO public.auth_group_permissions (id, group_id, permission_id) VALUES (52, 1, 59);
INSERT INTO public.auth_group_permissions (id, group_id, permission_id) VALUES (53, 1, 60);
INSERT INTO public.auth_group_permissions (id, group_id, permission_id) VALUES (54, 1, 61);
INSERT INTO public.auth_group_permissions (id, group_id, permission_id) VALUES (55, 1, 62);
INSERT INTO public.auth_group_permissions (id, group_id, permission_id) VALUES (56, 1, 63);
INSERT INTO public.auth_group_permissions (id, group_id, permission_id) VALUES (57, 1, 64);
INSERT INTO public.auth_group_permissions (id, group_id, permission_id) VALUES (58, 1, 65);
INSERT INTO public.auth_group_permissions (id, group_id, permission_id) VALUES (59, 1, 66);
INSERT INTO public.auth_group_permissions (id, group_id, permission_id) VALUES (60, 1, 67);
INSERT INTO public.auth_group_permissions (id, group_id, permission_id) VALUES (61, 1, 68);
INSERT INTO public.auth_group_permissions (id, group_id, permission_id) VALUES (62, 1, 69);
INSERT INTO public.auth_group_permissions (id, group_id, permission_id) VALUES (63, 1, 70);
INSERT INTO public.auth_group_permissions (id, group_id, permission_id) VALUES (64, 1, 71);
INSERT INTO public.auth_group_permissions (id, group_id, permission_id) VALUES (65, 1, 72);
INSERT INTO public.auth_group_permissions (id, group_id, permission_id) VALUES (66, 1, 73);
INSERT INTO public.auth_group_permissions (id, group_id, permission_id) VALUES (67, 1, 74);
INSERT INTO public.auth_group_permissions (id, group_id, permission_id) VALUES (68, 1, 75);
INSERT INTO public.auth_group_permissions (id, group_id, permission_id) VALUES (69, 1, 76);
INSERT INTO public.auth_group_permissions (id, group_id, permission_id) VALUES (70, 1, 77);
INSERT INTO public.auth_group_permissions (id, group_id, permission_id) VALUES (71, 1, 78);
INSERT INTO public.auth_group_permissions (id, group_id, permission_id) VALUES (72, 1, 79);
INSERT INTO public.auth_group_permissions (id, group_id, permission_id) VALUES (73, 1, 80);
INSERT INTO public.auth_group_permissions (id, group_id, permission_id) VALUES (74, 1, 81);
INSERT INTO public.auth_group_permissions (id, group_id, permission_id) VALUES (75, 1, 82);
INSERT INTO public.auth_group_permissions (id, group_id, permission_id) VALUES (76, 1, 83);
INSERT INTO public.auth_group_permissions (id, group_id, permission_id) VALUES (77, 1, 84);
INSERT INTO public.auth_group_permissions (id, group_id, permission_id) VALUES (78, 1, 85);
INSERT INTO public.auth_group_permissions (id, group_id, permission_id) VALUES (79, 1, 86);
INSERT INTO public.auth_group_permissions (id, group_id, permission_id) VALUES (80, 1, 87);
INSERT INTO public.auth_group_permissions (id, group_id, permission_id) VALUES (81, 1, 88);
INSERT INTO public.auth_group_permissions (id, group_id, permission_id) VALUES (82, 1, 89);
INSERT INTO public.auth_group_permissions (id, group_id, permission_id) VALUES (83, 1, 90);
INSERT INTO public.auth_group_permissions (id, group_id, permission_id) VALUES (84, 1, 91);
INSERT INTO public.auth_group_permissions (id, group_id, permission_id) VALUES (85, 1, 92);
INSERT INTO public.auth_group_permissions (id, group_id, permission_id) VALUES (86, 1, 93);
INSERT INTO public.auth_group_permissions (id, group_id, permission_id) VALUES (87, 1, 94);
INSERT INTO public.auth_group_permissions (id, group_id, permission_id) VALUES (88, 1, 95);
INSERT INTO public.auth_group_permissions (id, group_id, permission_id) VALUES (89, 1, 96);
INSERT INTO public.auth_group_permissions (id, group_id, permission_id) VALUES (90, 1, 97);
INSERT INTO public.auth_group_permissions (id, group_id, permission_id) VALUES (91, 1, 98);
INSERT INTO public.auth_group_permissions (id, group_id, permission_id) VALUES (92, 1, 99);
INSERT INTO public.auth_group_permissions (id, group_id, permission_id) VALUES (93, 1, 100);
INSERT INTO public.auth_group_permissions (id, group_id, permission_id) VALUES (94, 1, 101);
INSERT INTO public.auth_group_permissions (id, group_id, permission_id) VALUES (95, 1, 102);
INSERT INTO public.auth_group_permissions (id, group_id, permission_id) VALUES (96, 1, 103);
INSERT INTO public.auth_group_permissions (id, group_id, permission_id) VALUES (97, 1, 104);
INSERT INTO public.auth_group_permissions (id, group_id, permission_id) VALUES (98, 1, 105);
INSERT INTO public.auth_group_permissions (id, group_id, permission_id) VALUES (99, 1, 106);
INSERT INTO public.auth_group_permissions (id, group_id, permission_id) VALUES (100, 1, 107);
INSERT INTO public.auth_group_permissions (id, group_id, permission_id) VALUES (101, 1, 108);
INSERT INTO public.auth_group_permissions (id, group_id, permission_id) VALUES (102, 1, 109);
INSERT INTO public.auth_group_permissions (id, group_id, permission_id) VALUES (103, 1, 110);
INSERT INTO public.auth_group_permissions (id, group_id, permission_id) VALUES (104, 1, 111);
INSERT INTO public.auth_group_permissions (id, group_id, permission_id) VALUES (105, 1, 112);
INSERT INTO public.auth_group_permissions (id, group_id, permission_id) VALUES (106, 1, 113);
INSERT INTO public.auth_group_permissions (id, group_id, permission_id) VALUES (107, 1, 114);
INSERT INTO public.auth_group_permissions (id, group_id, permission_id) VALUES (108, 1, 115);
INSERT INTO public.auth_group_permissions (id, group_id, permission_id) VALUES (109, 1, 116);
INSERT INTO public.auth_group_permissions (id, group_id, permission_id) VALUES (110, 1, 117);
INSERT INTO public.auth_group_permissions (id, group_id, permission_id) VALUES (111, 1, 118);
INSERT INTO public.auth_group_permissions (id, group_id, permission_id) VALUES (112, 1, 119);
INSERT INTO public.auth_group_permissions (id, group_id, permission_id) VALUES (113, 1, 120);
INSERT INTO public.auth_group_permissions (id, group_id, permission_id) VALUES (114, 1, 121);
INSERT INTO public.auth_group_permissions (id, group_id, permission_id) VALUES (115, 1, 122);
INSERT INTO public.auth_group_permissions (id, group_id, permission_id) VALUES (116, 1, 123);
INSERT INTO public.auth_group_permissions (id, group_id, permission_id) VALUES (117, 1, 124);
INSERT INTO public.auth_group_permissions (id, group_id, permission_id) VALUES (118, 1, 125);
INSERT INTO public.auth_group_permissions (id, group_id, permission_id) VALUES (119, 1, 126);
INSERT INTO public.auth_group_permissions (id, group_id, permission_id) VALUES (120, 1, 127);
INSERT INTO public.auth_group_permissions (id, group_id, permission_id) VALUES (121, 1, 128);
INSERT INTO public.auth_group_permissions (id, group_id, permission_id) VALUES (122, 1, 129);
INSERT INTO public.auth_group_permissions (id, group_id, permission_id) VALUES (123, 1, 130);
INSERT INTO public.auth_group_permissions (id, group_id, permission_id) VALUES (124, 1, 131);
INSERT INTO public.auth_group_permissions (id, group_id, permission_id) VALUES (125, 1, 132);
INSERT INTO public.auth_group_permissions (id, group_id, permission_id) VALUES (126, 1, 133);
INSERT INTO public.auth_group_permissions (id, group_id, permission_id) VALUES (127, 1, 134);
INSERT INTO public.auth_group_permissions (id, group_id, permission_id) VALUES (128, 1, 135);
INSERT INTO public.auth_group_permissions (id, group_id, permission_id) VALUES (129, 1, 136);
INSERT INTO public.auth_group_permissions (id, group_id, permission_id) VALUES (130, 1, 137);
INSERT INTO public.auth_group_permissions (id, group_id, permission_id) VALUES (131, 1, 138);
INSERT INTO public.auth_group_permissions (id, group_id, permission_id) VALUES (132, 1, 139);
INSERT INTO public.auth_group_permissions (id, group_id, permission_id) VALUES (133, 1, 140);
INSERT INTO public.auth_group_permissions (id, group_id, permission_id) VALUES (134, 1, 141);
INSERT INTO public.auth_group_permissions (id, group_id, permission_id) VALUES (135, 1, 142);
INSERT INTO public.auth_group_permissions (id, group_id, permission_id) VALUES (136, 1, 143);
INSERT INTO public.auth_group_permissions (id, group_id, permission_id) VALUES (137, 1, 147);
INSERT INTO public.auth_group_permissions (id, group_id, permission_id) VALUES (138, 1, 148);
INSERT INTO public.auth_group_permissions (id, group_id, permission_id) VALUES (139, 1, 149);
INSERT INTO public.auth_group_permissions (id, group_id, permission_id) VALUES (140, 1, 150);
INSERT INTO public.auth_group_permissions (id, group_id, permission_id) VALUES (141, 1, 151);
INSERT INTO public.auth_group_permissions (id, group_id, permission_id) VALUES (142, 1, 152);
INSERT INTO public.auth_group_permissions (id, group_id, permission_id) VALUES (143, 1, 153);
INSERT INTO public.auth_group_permissions (id, group_id, permission_id) VALUES (144, 1, 154);
INSERT INTO public.auth_group_permissions (id, group_id, permission_id) VALUES (145, 1, 155);
INSERT INTO public.auth_group_permissions (id, group_id, permission_id) VALUES (146, 1, 156);
INSERT INTO public.auth_group_permissions (id, group_id, permission_id) VALUES (147, 1, 157);
INSERT INTO public.auth_group_permissions (id, group_id, permission_id) VALUES (148, 1, 158);
INSERT INTO public.auth_group_permissions (id, group_id, permission_id) VALUES (149, 1, 159);
INSERT INTO public.auth_group_permissions (id, group_id, permission_id) VALUES (150, 1, 160);
INSERT INTO public.auth_group_permissions (id, group_id, permission_id) VALUES (151, 1, 161);
INSERT INTO public.auth_group_permissions (id, group_id, permission_id) VALUES (152, 1, 162);
INSERT INTO public.auth_group_permissions (id, group_id, permission_id) VALUES (153, 1, 163);
INSERT INTO public.accounts_user_groups (id, user_id, group_id) VALUES (1, 5, 1);
INSERT INTO public.accounts_user_groups (id, user_id, group_id) VALUES (2, 4, 1);
INSERT INTO public.accounts_user_groups (id, user_id, group_id) VALUES (3, 1, 1);
INSERT INTO public.accounts_user_materia_func_doc (id, user_id, materia_id) VALUES (1, 5, 4);
INSERT INTO public.accounts_user_materia_func_doc (id, user_id, materia_id) VALUES (2, 5, 6);
INSERT INTO public.accounts_user_materia_func_doc (id, user_id, materia_id) VALUES (3, 4, 1);
INSERT INTO public.accounts_user_materia_func_doc (id, user_id, materia_id) VALUES (4, 4, 2);
INSERT INTO public.accounts_user_materia_func_doc (id, user_id, materia_id) VALUES (5, 4, 5);
INSERT INTO public.accounts_user_materia_func_doc (id, user_id, materia_id) VALUES (6, 1, 5);
INSERT INTO public.accounts_user_materia_func_doc (id, user_id, materia_id) VALUES (7, 1, 6);