INSERT INTO public.accounts_tipodocumento (descripcion_tipo_documento) VALUES ('CI');
INSERT INTO public.accounts_persona (nombre, apellido, documento, correo, telefono, celular, id_tipo_documento_id) VALUES ('Hugo', 'Correa', '4978990', '', '', '', 1);
INSERT INTO public.accounts_persona (nombre, apellido, documento, correo, telefono, celular, id_tipo_documento_id) VALUES ('Maria', 'Aguero', '147258', '', '', '', 1);
INSERT INTO public.accounts_persona (nombre, apellido, documento, correo, telefono, celular, id_tipo_documento_id) VALUES ('Karen', 'Liuzzi', '6109876', '', '', '', 1);
INSERT INTO public.accounts_persona (nombre, apellido, documento, correo, telefono, celular, id_tipo_documento_id) VALUES ('Blanca', 'Baez', '789654', '', '', '', 1);
INSERT INTO public.accounts_persona (nombre, apellido, documento, correo, telefono, celular, id_tipo_documento_id) VALUES ('Ricardo', 'De Castro', '3040653', '', '', '', 1);
INSERT INTO public.accounts_persona (nombre, apellido, documento, correo, telefono, celular, id_tipo_documento_id) VALUES ('Sebastian', 'Grillo', '6040302', '', '', '', 1);
INSERT INTO public.calendarapp_dia (descripcion_dia) VALUES ('Lunes');
INSERT INTO public.calendarapp_dia (descripcion_dia) VALUES ('Martes');
INSERT INTO public.calendarapp_dia (descripcion_dia) VALUES ('Miércoles');
INSERT INTO public.calendarapp_dia (descripcion_dia) VALUES ('Jueves');
INSERT INTO public.calendarapp_dia (descripcion_dia) VALUES ('Viernes');
INSERT INTO public.calendarapp_dia (descripcion_dia) VALUES ('Sábado');
INSERT INTO public.calendarapp_tipotarea (descripcion_tipo_tarea) VALUES ('Seguimiento');
INSERT INTO public.calendarapp_tipotarea (descripcion_tipo_tarea) VALUES ('Llamada');
INSERT INTO public.calendarapp_tipotarea (descripcion_tipo_tarea) VALUES ('Gestión');
INSERT INTO public.calendarapp_tipotarea (descripcion_tipo_tarea) VALUES ('Reunión');
INSERT INTO public.calendarapp_unidadmedida (descripcion_unidad_medida) VALUES ('Minutos');
INSERT INTO public.calendarapp_parametro (descripcion_parametro, valor, es_orientacion_academica, es_tutoria, id_unidad_medida_id) VALUES ('Rango de minutos para orientación académica', 15, true, false, 1);
INSERT INTO public.calendarapp_parametro (descripcion_parametro, valor, es_orientacion_academica, es_tutoria, id_unidad_medida_id) VALUES ('Rango de minutos para tutoria', 30, false, true, 1);
INSERT INTO public.calendarapp_tipoorientacionacademica (descripcion_tipo_orientacion_academica) VALUES ('Solicitud');
INSERT INTO public.calendarapp_tipoorientacionacademica (descripcion_tipo_orientacion_academica) VALUES ('Consulta');
INSERT INTO public.calendarapp_tipoorientacionacademica (descripcion_tipo_orientacion_academica) VALUES ('Orientación');
INSERT INTO public.calendarapp_motivo (descripcion_motivo, id_tipo_orientacion_academica_id) VALUES ('Malla curricular', 1);
INSERT INTO public.calendarapp_motivo (descripcion_motivo, id_tipo_orientacion_academica_id) VALUES ('Procedimiento Trabajo de Grado Licenciatura', 3);
INSERT INTO public.calendarapp_motivo (descripcion_motivo, id_tipo_orientacion_academica_id) VALUES ('Procedimiento Trabajo de Grado Ingeniería', 3);
INSERT INTO public.calendarapp_motivo (descripcion_motivo, id_tipo_orientacion_academica_id) VALUES ('Aprobación de cambio de Curso', 1);
INSERT INTO public.calendarapp_motivo (descripcion_motivo, id_tipo_orientacion_academica_id) VALUES ('Estado académico', 2);
INSERT INTO public.calendarapp_motivo (descripcion_motivo, id_tipo_orientacion_academica_id) VALUES ('Horario de Profesor', 2);
INSERT INTO public.calendarapp_estadotarea (descripcion_estado_tarea) VALUES ('Iniciada');
INSERT INTO public.calendarapp_estadotarea (descripcion_estado_tarea) VALUES ('Cancelada');
INSERT INTO public.calendarapp_estadotarea (descripcion_estado_tarea) VALUES ('Finalizada');
INSERT INTO public.calendarapp_estadotarea (descripcion_estado_tarea) VALUES ('Pendiente');
INSERT INTO public.calendarapp_estadoactividadacademica (descripcion_estado_actividad_academica) VALUES ('Iniciada');
INSERT INTO public.calendarapp_estadoactividadacademica (descripcion_estado_actividad_academica) VALUES ('Confirmada');
INSERT INTO public.calendarapp_estadoactividadacademica (descripcion_estado_actividad_academica) VALUES ('Finalizada');
INSERT INTO public.calendarapp_estadoactividadacademica (descripcion_estado_actividad_academica) VALUES ('Cancelada');
INSERT INTO public.calendarapp_estadoactividadacademica (descripcion_estado_actividad_academica) VALUES ('Rechazada');
INSERT INTO public.calendarapp_estadoactividadacademica (descripcion_estado_actividad_academica) VALUES ('Pendiente');
INSERT INTO public.calendarapp_semestre (descripcion_semestre) VALUES ('Verano');
INSERT INTO public.calendarapp_semestre (descripcion_semestre) VALUES ('Otoño');
INSERT INTO public.calendarapp_semestre (descripcion_semestre) VALUES ('Primavera');
INSERT INTO public.calendarapp_convocatoria (anho, fecha_inicio, fecha_fin, id_semestre_id) VALUES (2023, '2023-12-28', '2024-01-31', 1);
INSERT INTO public.calendarapp_convocatoria (anho, fecha_inicio, fecha_fin, id_semestre_id) VALUES (2024, '2024-02-01', '2024-06-30', 2);
INSERT INTO public.calendarapp_tipotutoria (descripcion_tipo_tutoria) VALUES ('Trabajo de Grado');
INSERT INTO public.calendarapp_tipotutoria (descripcion_tipo_tutoria) VALUES ('Académica');
INSERT INTO public.accounts_user (password, last_login, is_superuser, documento, lector, email, is_staff, is_active, date_joined, last_updated, id_persona_id) VALUES ('pbkdf2_sha256$260000$GB8o1UBcjAW58DXdeJCdkj$pQkYb/zy0yg1EJunVyKUqx+4HdvMdp+8GKppaOu/yEI=', '2024-01-29 18:51:21.277463-03', true, '4978990', true, 'prueba@test.com', true, true, '2023-12-28 07:17:50.385747-03', '2024-01-24 11:45:19.70612-03', 1);
INSERT INTO public.accounts_user (password, last_login, is_superuser, documento, lector, email, is_staff, is_active, date_joined, last_updated, id_persona_id) VALUES ('pbkdf2_sha256$260000$jY5w8viuxNTDNXohgYaatD$yNEKXoUsznOgj9l5yV25VjlVnBT4MmiHgV5yAeacRLo=', '2024-01-30 11:08:13.535584-03', false, '147258', true, 'karendreammoon@gmail.com', false, true, '2023-12-28 10:25:36.105251-03', '2023-12-28 10:25:36.105251-03', 2);
INSERT INTO public.accounts_user (password, last_login, is_superuser, documento, lector, email, is_staff, is_active, date_joined, last_updated, id_persona_id) VALUES ('pbkdf2_sha256$260000$wKNjZFm8qUPz5TgeQ3azwp$eryXF4yWaubHD2ql9bCfs0mL7EX6Itu97sUENip685M=', '2024-01-30 13:09:20.436121-03', false, '789654', true, 'blanca.baez@test.com', true, true, '2023-12-28 10:26:39.32369-03', '2024-01-24 11:44:31.706973-03', 4);
INSERT INTO public.accounts_user (password, last_login, is_superuser, documento, lector, email, is_staff, is_active, date_joined, last_updated, id_persona_id) VALUES ('pbkdf2_sha256$260000$rOVPBt7QUEVSYVsoJkQOCM$ziU656iuT4VzdglVcKCBrnP/YGeoAaWPLWpKr0veXmA=', '2024-01-30 17:45:23.270654-03', false, '6109876', true, 'karen.liuzzi@test.com', false, true, '2023-12-28 10:25:59.80392-03', '2023-12-28 10:25:59.80392-03', 3);
INSERT INTO public.accounts_user (password, last_login, is_superuser, documento, lector, email, is_staff, is_active, date_joined, last_updated, id_persona_id) VALUES ('pbkdf2_sha256$260000$HZo0mNhD4VKJeWBLp2ZFEP$kQhINNb85o15INMhJjIKnffbA/JCd22veUk+VZaXvQg=', '2024-01-25 11:01:22.62687-03', false, '3040653', true, 'ricardocastro@test.com', true, true, '2023-12-28 10:26:59.045553-03', '2024-01-24 11:44:58.544741-03', 5);
INSERT INTO public.accounts_facultad (descripcion_facultad) VALUES ('Facultad de Ciencias y Tecnología');
INSERT INTO public.accounts_departamento (descripcion_departamento, telefono, id_facultad_id) VALUES ('Departamento de E-learning', '123456', 1);
INSERT INTO public.accounts_departamento (descripcion_departamento, telefono, id_facultad_id) VALUES ('Informática', '78946', 1);
INSERT INTO public.accounts_departamento (descripcion_departamento, telefono, id_facultad_id) VALUES ('Ciencias Exactas', '654987', 1);
INSERT INTO public.accounts_funcionariodocente (id_funcionario_docente_id, id_departamento_id, id_facultad_id) VALUES (1, NULL, 1);
INSERT INTO public.accounts_funcionariodocente (id_funcionario_docente_id, id_departamento_id, id_facultad_id) VALUES (4, 2, NULL);
INSERT INTO public.accounts_funcionariodocente (id_funcionario_docente_id, id_departamento_id, id_facultad_id) VALUES (5, 1, NULL);
INSERT INTO public.accounts_funcionariodocente (id_funcionario_docente_id, id_departamento_id, id_facultad_id) VALUES (6, 1, NULL);
INSERT INTO public.accounts_alumno (id_alumno_id) VALUES (3);
INSERT INTO public.accounts_alumno (id_alumno_id) VALUES (2);
INSERT INTO public.calendarapp_horariosemestral (hora_inicio, hora_fin, id_convocatoria_id, id_dia_id, id_funcionario_docente_id) VALUES ('19:00:00', '21:00:00', 1, 1, 1);
INSERT INTO public.calendarapp_horariosemestral (hora_inicio, hora_fin, id_convocatoria_id, id_dia_id, id_funcionario_docente_id) VALUES ('18:00:00', '20:00:00', 1, 2, 1);
INSERT INTO public.calendarapp_horariosemestral (hora_inicio, hora_fin, id_convocatoria_id, id_dia_id, id_funcionario_docente_id) VALUES ('18:30:00', '20:30:00', 1, 4, 1);
INSERT INTO public.calendarapp_horariosemestral (hora_inicio, hora_fin, id_convocatoria_id, id_dia_id, id_funcionario_docente_id) VALUES ('19:00:00', '21:00:00', 1, 1, 5);
INSERT INTO public.calendarapp_horariosemestral (hora_inicio, hora_fin, id_convocatoria_id, id_dia_id, id_funcionario_docente_id) VALUES ('18:00:00', '21:00:00', 1, 3, 5);
INSERT INTO public.calendarapp_horariosemestral (hora_inicio, hora_fin, id_convocatoria_id, id_dia_id, id_funcionario_docente_id) VALUES ('18:30:00', '20:30:00', 1, 5, 5);
INSERT INTO public.calendarapp_horariosemestral (hora_inicio, hora_fin, id_convocatoria_id, id_dia_id, id_funcionario_docente_id) VALUES ('15:00:00', '18:00:00', 1, 1, 4);
INSERT INTO public.calendarapp_horariosemestral (hora_inicio, hora_fin, id_convocatoria_id, id_dia_id, id_funcionario_docente_id) VALUES ('09:00:00', '12:00:00', 1, 6, 4);
INSERT INTO public.calendarapp_horariosemestral (hora_inicio, hora_fin, id_convocatoria_id, id_dia_id, id_funcionario_docente_id) VALUES ('19:00:00', '21:00:00', 1, 4, 4);
INSERT INTO public.calendarapp_horariosemestral (hora_inicio, hora_fin, id_convocatoria_id, id_dia_id, id_funcionario_docente_id) VALUES ('19:00:00', '21:00:00', 2, 1, 1);
INSERT INTO public.calendarapp_horariosemestral (hora_inicio, hora_fin, id_convocatoria_id, id_dia_id, id_funcionario_docente_id) VALUES ('18:00:00', '20:00:00', 2, 2, 1);
INSERT INTO public.calendarapp_horariosemestral (hora_inicio, hora_fin, id_convocatoria_id, id_dia_id, id_funcionario_docente_id) VALUES ('18:30:00', '20:30:00', 2, 4, 1);
INSERT INTO public.calendarapp_horariosemestral (hora_inicio, hora_fin, id_convocatoria_id, id_dia_id, id_funcionario_docente_id) VALUES ('19:00:00', '21:00:00', 2, 1, 5);
INSERT INTO public.calendarapp_horariosemestral (hora_inicio, hora_fin, id_convocatoria_id, id_dia_id, id_funcionario_docente_id) VALUES ('18:00:00', '21:00:00', 2, 3, 5);
INSERT INTO public.calendarapp_horariosemestral (hora_inicio, hora_fin, id_convocatoria_id, id_dia_id, id_funcionario_docente_id) VALUES ('18:30:00', '20:30:00', 2, 5, 5);
INSERT INTO public.calendarapp_horariosemestral (hora_inicio, hora_fin, id_convocatoria_id, id_dia_id, id_funcionario_docente_id) VALUES ('15:00:00', '18:00:00', 2, 1, 4);
INSERT INTO public.calendarapp_horariosemestral (hora_inicio, hora_fin, id_convocatoria_id, id_dia_id, id_funcionario_docente_id) VALUES ('09:00:00', '12:00:00', 2, 6, 4);
INSERT INTO public.calendarapp_horariosemestral (hora_inicio, hora_fin, id_convocatoria_id, id_dia_id, id_funcionario_docente_id) VALUES ('19:00:00', '21:00:00', 2, 4, 4);
INSERT INTO public.accounts_materia (descripcion_materia, id_departamento_id) VALUES ('INTRODUCCIÓN A LAS TECNOLOGÍAS DE INFORMACIÓN Y LA COMUNICACIÓN', 1);
INSERT INTO public.accounts_materia (descripcion_materia, id_departamento_id) VALUES ('INTRODUCCIÓN A LA INFORMÁTICA', 2);
INSERT INTO public.accounts_materia (descripcion_materia, id_departamento_id) VALUES ('ÁLGEBRA', 3);
INSERT INTO public.accounts_materia (descripcion_materia, id_departamento_id) VALUES ('INTRODUCCIÓN AL DISEÑO Y CONSTRUCCIÓN DE PÁGINAS WEB', 2);
INSERT INTO public.accounts_materia (descripcion_materia, id_departamento_id) VALUES ('LÓGICA DE PROGRAMACIÓN DE COMPUTADORAS I', 2);
INSERT INTO public.accounts_materia (descripcion_materia, id_departamento_id) VALUES ('TRABAJO DE GRADO PARA INGENIERÍA EN INFORMÁTICA ÉNFASIS CIENCIAS DE LA COMPUTACIÓN', 2);
INSERT INTO public.accounts_carrera (descripcion_carrera, id_facultad_id) VALUES ('Ingeniería en Informática Énfasis en: Ciencias de la Computación', 1);
INSERT INTO public.accounts_carrera (descripcion_carrera, id_facultad_id) VALUES ('Licenciatura en Ciencias Informáticas Énfasis en: Bases de Datos', 1);
INSERT INTO public.accounts_carreraalumno (id_alumno_id, id_carrera_id) VALUES (2, 1);
INSERT INTO public.accounts_carreraalumno (id_alumno_id, id_carrera_id) VALUES (3, 2);
INSERT INTO public.accounts_materiacarrera (id_carrera_id, id_materia_id) VALUES (1, 1);
INSERT INTO public.accounts_materiacarrera (id_carrera_id, id_materia_id) VALUES (2, 1);
INSERT INTO public.accounts_materiacarrera (id_carrera_id, id_materia_id) VALUES (1, 2);
INSERT INTO public.accounts_materiacarrera (id_carrera_id, id_materia_id) VALUES (2, 2);
INSERT INTO public.accounts_materiacarrera (id_carrera_id, id_materia_id) VALUES (1, 3);
INSERT INTO public.accounts_materiacarrera (id_carrera_id, id_materia_id) VALUES (2, 4);
INSERT INTO public.accounts_materiacarrera (id_carrera_id, id_materia_id) VALUES (2, 3);
INSERT INTO public.accounts_materiacarrera (id_carrera_id, id_materia_id) VALUES (1, 4);
INSERT INTO public.accounts_materiacarrera (id_carrera_id, id_materia_id) VALUES (1, 5);
INSERT INTO public.accounts_materiacarrera (id_carrera_id, id_materia_id) VALUES (2, 5);
INSERT INTO public.accounts_materiacarrera (id_carrera_id, id_materia_id) VALUES (1, 6);
INSERT INTO public.auth_group (name) VALUES ('Funcionario/Docente');
INSERT INTO public.accounts_user_groups (user_id, group_id) VALUES (5, 1);
INSERT INTO public.accounts_user_groups (user_id, group_id) VALUES (3, 1);
INSERT INTO public.accounts_user_groups (user_id, group_id) VALUES (1, 1);
INSERT INTO public.accounts_user_materia_func_doc (user_id, materia_id) VALUES (5, 4);
INSERT INTO public.accounts_user_materia_func_doc (user_id, materia_id) VALUES (5, 6);
INSERT INTO public.accounts_user_materia_func_doc (user_id, materia_id) VALUES (3, 1);
INSERT INTO public.accounts_user_materia_func_doc (user_id, materia_id) VALUES (3, 2);
INSERT INTO public.accounts_user_materia_func_doc (user_id, materia_id) VALUES (3, 5);
INSERT INTO public.accounts_user_materia_func_doc (user_id, materia_id) VALUES (1, 5);
INSERT INTO public.accounts_user_materia_func_doc (user_id, materia_id) VALUES (1, 6);